Workbook
Name A: #REF!
Name A: #REF!
Name A: #REF!
Name A: #REF!
Name BMM: #REF!
Name BMM: #REF!
Name BMM: #REF!
Name BMM: #REF!
Name idhoi: #REF!
Name idhoi: #REF!
Name idhoi: #REF!
Name idhoi: #REF!
Name QQP: 'Catálogo SAP'!$D$2:$F$41
Name QQP: #REF!
Name qqqq: #REF!
Name qqqq: #REF!
Name qqqq: #REF!
Name qqqq: #REF!
Name TURMA: #REF!
Name TURMA: #REF!
Name TURMA: #REF!
Name TURMA: #REF!
Name w: #REF!
Name w: #REF!
Name w: #REF!
Name w: #REF!

Sheet Catálogo SAP
A1: RENTAL - Item | B1: Código do Item | C1: RENTAL - CÓDIGO SAP | D1: RENTAL - Descrição | E1: RENTAL - Und. | F1: RENTAL - Preço | G1: MOBRA - CÓDIGO SAP | H1: MOBRA - Descrição | I1: MOBRA - Und. | J1: MOBRA - Preço | K1: Tipo do Serviço | L1: Tipo do Equipamento
A2: 100 | B2: 100 | C2: S.VP-01435 | D2: Mobilização De Retroescavadeira C/ Operador | E2: VB | F2: 1569.45 | G2: S.VP-01477 | H2: MOBILIZAÇÃO DE RETROESCAVADEIRA C/ OPERADOR | I2: VB | J2: 963.41417 | K2: Mobilização | L2: Retroescavadeira
A3: 110 | B3: 110 | C3: S.VP-01436 | D3: Desmobilização De Retroescavadeira C/ Operador | E3: VB | F3: 1569.45 | G3: S.VP-01478 | H3: DESMOBILIZAÇÃO DE RETROESCAVADEIRA C/ OPERADOR | I3: VB | J3: 963.41417 | K3: Desmobilização | L3: Retroescavadeira
A4: 120 | B4: 120 | C4: S.VP-01437 | D4: Hr Produtiva Retroescavadeira C/Operador | E4: H | F4: 160.71 | G4: S.VP-01395 | H4: HR PRODUTIVA RETROESCAVADEIRA C/OPERADOR | I4: H | J4: 65.42 | K4: Produtivo | L4: Retroescavadeira
A5: 130 | B5: 130 | C5: S.VP-01438 | D5: Hr Improdutiva Retroescavadeira C/Operador | E5: H | F5: 108.23 | G5: S.VP-01396 | H5: HR IMPRODUTIVA RETROESCAVADEIRA C/OPERADOR | I5: H | J5: 65.42 | K5: Improdutivo | L5: Retroescavadeira
A6: 140 | B6: 140 | C6: S.VP-01439 | D6: Mobilização Pa Carregadeira C/ Operador | E6: VB | F6: 2319.45 | G6: S.VP-01397 | H6: MOBILIZAÇÃO PA CARREGADEIRA C/ OPERADOR | I6: VB | J6: 1045.98 | K6: Mobilização | L6: Pá Carregadeira
A7: 150 | B7: 150 | C7: S.VP-01440 | D7: Desmobilização De Pa Carregadeira C/Operador | E7: VB | F7: 2319.45 | G7: S.VP-01398 | H7: DESMOBILIZAÇÃO DE PA CARREGADEIRA C/OPERADOR | I7: VB | J7: 1045.98 | K7: Desmobilização | L7: Pá Carregadeira
A8: 160 | B8: 160 | C8: S.VP-01441 | D8: Hora Produtiva Pa Carregadeira C/Operador | E8: H | F8: 218.44 | G8: S.VP-01399 | H8: HORA PRODUTIVA PA CARREGADEIRA C/OPERADOR | I8: H | J8: 65.42 | K8: Produtivo | L8: Pá Carregadeira
A9: 170 | B9: 170 | C9: S.VP-01442 | D9: Hora Improdutiva Pa Carregadeira C/Operador | E9: H | F9: 144.96 | G9: S.VP-01400 | H9: HORA IMPRODUTIVA PA CARREGADEIRA C/OPERADOR | I9: H | J9: 65.42 | K9: Improdutivo | L9: Pá Carregadeira
A10: 180 | B10: 180 | C10: S.VP-01443 | D10: Mobilização Caminhão Basculante - C/Motorista | E10: VB | F10: 1137.96 | G10: S.VP-01401 | H10: MOBILIZAÇÃO CAMINHÃO BASCULANTE - C/MOTORISTA | I10: VB | J10: 281.11 | K10: Mobilização | L10: Caminhão Basculante
A11: 190 | B11: 190 | C11: S.VP-01444 | D11: Desmobilização Caminhão Basculante - C/Motorista | E11: VB | F11: 1137.96 | G11: S.VP-01402 | H11: DESMOBILIZAÇÃO CAMINHÃO BASCULANTE - C/MOTORISTA | I11: VB | J11: 281.11 | K11: Desmobilização | L11: Caminhão Basculante
A12: 200 | B12: 200 | C12: S.VP-01445 | D12: Km Rodado Caminhão Basculante - C/Motorista | E12: KM | F12: 7.35 | G12: S.VP-01403 | H12: KM RODADO CAMINHÃO BASCULANTE - C/MOTORISTA | I12: KM | J12: 1.81 | K12: KM | L12: Caminhão Basculante
A13: 210 | B13: 210 | C13: S.VP-01446 | D13: Hora Improdutiva Basculante - C/Motorista | E13: H | F13: 132.89 | G13: S.VP-01404 | H13: HORA IMPRODUTIVA BASCULANTE - C/MOTORISTA | I13: H | J13: 65.42 | K13: Improdutivo | L13: Caminhão Basculante
... A21: 290 | B21: 290 | C21: S.VP-01454 | D21: Hora Improdutiva Motoniveladora C/Operador | E21: H | F21: 193.29 | G21: S.VP-01412 | H21: HORA IMPRODUTIVA MOTONIVELADORA C/OPERADOR | I21: H | J21: 87.27 | K21: Improdutivo | L21: Motoniveladora
A22: 3.25 | B22: 3.25 | C22: S.VP-01455 | D22: Mobilização De Trator Esteira – C/Operador | E22: VB | F22: 2525.62 | G22: S.VP-01413 | H22: MOBILIZAÇÃO DE TRATOR ESTEIRA – C/OPERADOR | I22: VB | J22: 925.23 | K22: Mobilização | L22: Trator de Esteira
A23: 3.26 | B23: 3.26 | C23: S.VP-01456 | D23: Desmobilização De Trator Esteira – C/Operador | E23: VB | F23: 2525.62 | G23: S.VP-01414 | H23: DESMOBILIZAÇÃO DE TRATOR ESTEIRA – C/OPERADOR | I23: VB | J23: 925.23 | K23: Desmobilização | L23: Trator de Esteira
A24: 3.27 | B24: 3.27 | C24: S.VP-01457 | D24: Hora Produtiva Trator Esteira – C/ Operador | E24: H | F24: 326.34 | G24: S.VP-01415 | H24: HORA PRODUTIVA TRATOR ESTEIRA – C/ OPERADOR | I24: H | J24: 65.42 | K24: Produtivo | L24: Trator de Esteira
A25: 3.28 | B25: 3.28 | C25: S.VP-01458 | D25: Hora Improdutiva Trator Esteira – C/ Operador | E25: H | F25: 180.41 | G25: S.VP-01416 | H25: HORA IMPRODUTIVA TRATOR ESTEIRA – C/ OPERADOR | I25: H | J25: 65.42 | K25: Improdutivo | L25: Trator de Esteira
A26: 380 | B26: 380 | C26: S.VP-01459 | D26: Mobilização Carreta Prancha - C/ Motorista | E26: VB | F26: 2236.74 | G26: S.VP-01417 | H26: MOBILIZAÇÃO CARRETA PRANCHA - C/ MOTORISTA | I26: VB | J26: 785.33 | K26: Mobilização | L26: Carreta Prancha
A27: 390 | B27: 390 | C27: S.VP-01460 | D27: Desmobilização Carreta Prancha - C/ Motorista | E27: VB | F27: 2236.74 | G27: S.VP-01418 | H27: DESMOBILIZAÇÃO CARRETA PRANCHA - C/ MOTORISTA | I27: VB | J27: 785.33 | K27: Desmobilização | L27: Carreta Prancha
A28: 400 | B28: 400 | C28: S.VP-01461 | D28: Km Rodado Carreta Prancha - C/ Motorista | E28: KM | F28: 7.1 | G28: S.VP-01419 | H28: KM RODADO CARRETA PRANCHA - C/ MOTORISTA | I28: KM | J28: 2.5 | K28: KM | L28: Carreta Prancha
A29: 410 | B29: 410 | C29: S.VP-01462 | D29: Hora Improdutiva Carreta Prancha - C/ Motorista | E29: H | F29: 112.76 | G29: S.VP-01420 | H29: HORA IMPRODUTIVA CARRETA PRANCHA - C/ MOTORISTA | I29: H | J29: 87.27 | K29: Improdutivo | L29: Carreta Prancha
A30: 460 | B30: 460 | C30: S.VP-01463 | D30: Mobilização Miniescavadeira C/ Operador | E30: VB | F30: 1455.25 | G30: S.VP-01421 | H30: MOBILIZAÇÃO MINIESCAVADEIRA C/ OPERADOR | I30: VB | J30: 908.705 | K30: Mobilização | L30: Miniescavadeira
A31: 470 | B31: 470 | C31: S.VP-01464 | D31: Desmobilização Miniescavadeira C/ Operador | E31: VB | F31: 1455.25 | G31: S.VP-01422 | H31: DESMOBILIZAÇÃO MINIESCAVADEIRA C/ OPERADOR | I31: VB | J31: 908.7 | K31: Desmobilização | L31: Miniescavadeira
A32: 480 | B32: 480 | C32: S.VP-01465 | D32: Hora Produtiva Miniescavadeira Hidraulica C/ Operador | E32: H | F32: 138.38 | G32: S.VP-01423 | H32: HORA PRODUTIVA MINIESCAVADEIRA HIDRAULICA C/ OPERADOR | I32: H | J32: 65.42 | K32: Produtivo | L32: Miniescavadeira
A33: 490 | B33: 490 | C33: S.VP-01466 | D33: Hora Improdutiva Miniescavadeira Hidraulica C/ Operador | E33: H | F33: 104.71 | G33: S.VP-01424 | H33: HORA IMPRODUTIVA MINIESCAVADEIRA HIDRAULICA C/ OPERADOR | I33: H | J33: 65.42 | K33: Improdutivo | L33: Miniescavadeira
A34: 500 | B34: 500 | C34: S.VP-01467 | D34: Mobilização Escavadeira Hidraulica | E34: VB | F34: 4625.9 | G34: S.VP-01425 | H34: MOBILIZAÇÃO ESCAVADEIRA HIDRAULICA | I34: VB | J34: 1632.59 | K34: Mobilização | L34: Escavadeira Hidráulica
A35: 510 | B35: 510 | C35: S.VP-01468 | D35: Desmobilização Escavadeira Hidraulica | E35: VB | F35: 4625.9 | G35: S.VP-01426 | H35: DESMOBILIZAÇÃO ESCAVADEIRA HIDRAULICA | I35: VB | J35: 1632.595 | K35: Desmobilização | L35: Escavadeira Hidráulica
A36: 520 | B36: 520 | C36: S.VP-01469 | D36: Hora Produtiva Escavadeira Hidraulica | E36: H | F36: 283.19 | G36: S.VP-01427 | H36: HORA PRODUTIVA ESCAVADEIRA HIDRAULICA | I36: H | J36: 65.42 | K36: Produtivo | L36: Escavadeira Hidráulica
A37: 530 | B37: 530 | C37: S.VP-01470 | D37: Hora Improdutiva Escavadeira Hidraulica | E37: H | F37: 185.23 | G37: S.VP-01428 | H37: HORA IMPRODUTIVA ESCAVADEIRA HIDRAULICA | I37: H | J37: 65.42 | K37: Improdutivo | L37: Escavadeira Hidráulica
A38: 3.41 | B38: 3.41 | C38: S.VP-01471 | D38: Mobilização Rolo Compactador C/ Operador | E38: VB | F38: 1872.58 | G38: S.VP-01429 | H38: MOBILIZAÇÃO ROLO COMPACTADOR C/ OPERADOR | I38: VB | J38: 1013.3 | K38: Mobilização | L38: Rolo Compactador
A39: 3.42 | B39: 3.42 | C39: S.VP-01472 | D39: Desmobilização Rolo Compactador C/ Operador | E39: VB | F39: 1590.13 | G39: S.VP-01430 | H39: DESMOBILIZAÇÃO ROLO COMPACTADOR C/ OPERADOR | I39: VB | J39: 697.8 | K39: Desmobilização | L39: Rolo Compactador
A40: 3.43 | B40: 3.43 | C40: S.VP-01473 | D40: Hora Produtiva Rolo Compactador C/Operador | E40: H | F40: 163.66 | G40: S.VP-01431 | H40: HORA PRODUTIVA ROLO COMPACTADOR C/OPERADOR | I40: H | J40: 65.42 | K40: Produtivo | L40: Rolo Compactador
A41: 3.44 | B41: 3.44 | C41: S.VP-01474 | D41: Hora Improdutiva Rolo Compactador C/Operador | E41: H | F41: 120.81 | G41: S.VP-01432 | H41: HORA IMPRODUTIVA ROLO COMPACTADOR C/OPERADOR | I41: H | J41: 65.42 | K41: Improdutivo | L41: Rolo Compactador
A42: 580 | B42: 580 | C42: S.VP-01475 | D42: Transporte Rodoviario Carro 5 Passageiros | E42: MES | F42: 16354.1 | L42: Veículo Leve
A43: 590 | B43: 590 | C43: S.VP-01476 | D43: Transporte Rodoviario Carro 7 Passageiros | E43: MES | F43: 17419.43 | L43: Veículo Leve

Sheet RESUMO DR
K1: EGPs | M1: Caminhões
I2: Total de frota | J2: =SUM(J3:J5) -> 18 | K2: RE-018 | M2: CB-009 | N2: CM-002/SR-005 | P2: VL-041
I3: EGPs | J3: =COUNTA(K2:L9) -> 8 | K3: RE-017 | L3: MN-002 | M3: CB-010 | P3: VL-051
B4: MEDIÇÃO VLI 2015 DR ENGENHARIA 16/12/24 a 20/01/2025 | I4: Caminhões | J4: =COUNTA(M2:N9) -> 7 | L4: MNL-001 | M4: CB-013 | P4: Localiza
I5: VL | J5: =COUNTA(P2:P9) -> 3 | K5: EH-008 | M5: CB-014
B6: CONTRATO 4994 | K6: PC-002 | M6: CB-022
B7: RESUMO POR MUNICÍPIO | K7: PC-004 | M7: CBL-001
B8: MUNICÍPIOS | C8: VALOR R$ | D8: SUPERVISÃO | E8: Trecho | K8: PCL-001
B9: Ribamar Fiquene | C9: =SUMIF('REAL DR'!J37:J1755,"RIBAMAR FIQUENE",'REAL DR'!Q37:Q1755) -> #VALUE! | D9: =IF(E9<>"",VLOOKUP(E9,'RESUMO DR'!$F$10:$G$20,2,FALSE),"") -> IMPERATRIZ | E9: T-01 | F9: SUPERVISÃO
B10: Campestre | C10: =SUMIF('REAL DR'!J37:J1755,"campestre",'REAL DR'!Q37:Q1755) -> #VALUE! | D10: =IF(E10<>"",VLOOKUP(E10,'RESUMO DR'!$F$10:$G$20,2,FALSE),"") -> IMPERATRIZ | E10: T-01 | F10: T-01 | G10: IMPERATRIZ | H10: =SUMIF(E9:E34,"T-01",C9:C34) -> #VALUE! | I10: Araguaina | J10: S.Luiz
B11: Porto Franco | C11: =SUMIF('REAL DR'!J37:J1355,"PORTO FRANCO",'REAL DR'!Q37:Q1355) -> #VALUE! | D11: =IF(E11<>"",VLOOKUP(E11,'RESUMO DR'!$F$10:$G$20,2,FALSE),"") -> IMPERATRIZ | E11: T-01 | F11: T-02 | G11: ARAGUAINA | H11: =SUMIF(E9:E34,"T-02",C9:C34) -> #VALUE! | I11: =H11-C13 -> #VALUE! | J11: =H11-I11 -> #VALUE! | K11: FROTA | L11: ITEM | M11: CÓDIGO SAP | N11: Descrição | O11: Und. | P11: Preço (R$) | Q11: Qde EGP | R11: Qde hrs | S11: Qde dias | T11: Qde dias perda | U11: HORAS/MÊS | V11: FATURAMENTO MÁXIMO | W11: TOTAL (R$) DIA | X11: TOTAL (R$) MÊS | Y11: TOTAL (R$) MÊS + Perdas
B12: Imperatriz | C12: =SUMIF('REAL DR'!J37:J1755,"IMPERATRIZ",'REAL DR'!Q37:Q1755) -> #VALUE! | D12: =IF(E12<>"",VLOOKUP(E12,'RESUMO DR'!$F$10:$G$20,2,FALSE),"") -> IMPERATRIZ | E12: T-01 | F12: T-03 | G12: PALMAS | H12: =SUMIF(E9:E34,"T-03",C9:C34) -> #VALUE! | L12: 120 | M12: =IF(L12<>"",VLOOKUP(L12,'Catálogo SAP'!$A$1:$F$245,2,FALSE),"-") -> 120 | N12: =IF(L12<>"",VLOOKUP(L12,'Catálogo SAP'!A:F,3,FALSE),"") -> S.VP-01437 | O12: =IF(M12<>"",VLOOKUP(M12,'Catálogo SAP'!C:F,3,FALSE),"") -> #N/A | P12: =IF(N12<>"",VLOOKUP(N12,'Catálogo SAP'!D:F,3,FALSE),"") -> #N/A | Q12: 2 | R12: 9 | S12: 22 | T12: 19 | U12: 176 | V12: =P12*Q12*U12 -> #N/A | W12: =R12*Q12*P12 -> #N/A | X12: =S12*W12 -> #N/A | Y12: =T12*W12 -> #N/A | Z12: =Y12/X12 -> #N/A
B13: Sao Luis | C13: =SUMIF('REAL DR'!J37:J1755,"SAO LUIS",'REAL DR'!Q37:Q1755) -> #VALUE! | D13: =IF(E13<>"",VLOOKUP(E13,'RESUMO DR'!$F$10:$G$20,2,FALSE),"") -> ARAGUAINA | E13: T-02 | F13: T-04 | G13: ENG. VLI | H13: =SUMIF(E10:E35,"T-04",C10:C35) -> 0 | L13: 130 | M13: =IF(L13<>"",VLOOKUP(L13,'Catálogo SAP'!$A$1:$F$245,2,FALSE),"-") -> 130 | N13: =IF(L13<>"",VLOOKUP(L13,'Catálogo SAP'!A:F,3,FALSE),"") -> S.VP-01438 | O13: =IF(M13<>"",VLOOKUP(M13,'Catálogo SAP'!C:F,3,FALSE),"") -> #N/A | P13: =IF(N13<>"",VLOOKUP(N13,'Catálogo SAP'!D:F,3,FALSE),"") -> #N/A | W13: =(Q13*R13)*P13 -> #N/A | X13: =S13*W13 -> #N/A | Y13: =T13*W13 -> #N/A | Z13: =Y13/X13 -> #N/A
B14: João Lisboa | C14: =SUMIF('REAL DR'!J37:J1755,"JOÃO LISBOA",'REAL DR'!Q37:Q1755) -> #VALUE! | D14: =IF(E14<>"",VLOOKUP(E14,'RESUMO DR'!$F$10:$G$20,2,FALSE),"") -> IMPERATRIZ | E14: T-01 | F14: VL | G14: VL! - 2015 | H14: =C33 -> 0 | L14: 160 | M14: =IF(L14<>"",VLOOKUP(L14,'Catálogo SAP'!$A$1:$F$245,2,FALSE),"-") -> 160 | N14: =IF(L14<>"",VLOOKUP(L14,'Catálogo SAP'!A:F,3,FALSE),"") -> S.VP-01441 | O14: =IF(M14<>"",VLOOKUP(M14,'Catálogo SAP'!C:F,3,FALSE),"") -> #N/A | P14: =IF(N14<>"",VLOOKUP(N14,'Catálogo SAP'!D:F,3,FALSE),"") -> #N/A | Q14: 2 | R14: 9 | S14: 22 | T14: 18 | U14: 176 | V14: =P14*Q14*U14 -> #N/A | W14: =(Q14*R14)*P14 -> #N/A | X14: =S14*W14 -> #N/A | Y14: =T14*W14 -> #N/A | Z14: =Y14/X14 -> #N/A
B15: Açailândia | C15: =SUMIF('REAL DR'!J37:J1756,"AÇAILÂNDIA",'REAL DR'!Q37:Q1756) -> 0 | D15: =IF(E15<>"",VLOOKUP(E15,'RESUMO DR'!$F$10:$G$20,2,FALSE),"") -> IMPERATRIZ | E15: T-01 | F15: Total | H15: =SUM(H10:H14) -> #VALUE! | L15: 170 | M15: =IF(L15<>"",VLOOKUP(L15,'Catálogo SAP'!$A$1:$F$245,2,FALSE),"-") -> 170 | N15: =IF(L15<>"",VLOOKUP(L15,'Catálogo SAP'!A:F,3,FALSE),"") -> S.VP-01442 | O15: =IF(M15<>"",VLOOKUP(M15,'Catálogo SAP'!C:F,3,FALSE),"") -> #N/A | P15: =IF(N15<>"",VLOOKUP(N15,'Catálogo SAP'!D:F,3,FALSE),"") -> #N/A | W15: =(Q15*R15)*P15 -> #N/A | X15: =S15*W15 -> #N/A | Y15: =T15*W15 -> #N/A | Z15: =Y15/X15 -> #N/A
B16: S.F. Brejão | C16: =SUMIF('REAL DR'!J37:J1857,"S.F. BREJÃO",'REAL DR'!Q37:Q1857) -> #VALUE! | D16: =IF(E16<>"",VLOOKUP(E16,'RESUMO DR'!$F$10:$G$20,2,FALSE),"") -> IMPERATRIZ | E16: T-01 | L16: 200 | M16: =IF(L16<>"",VLOOKUP(L16,'Catálogo SAP'!$A$1:$F$245,2,FALSE),"-") -> 200 | N16: =IF(L16<>"",VLOOKUP(L16,'Catálogo SAP'!A:F,3,FALSE),"") -> S.VP-01445 | O16: =IF(M16<>"",VLOOKUP(M16,'Catálogo SAP'!C:F,3,FALSE),"") -> #N/A | P16: =IF(N16<>"",VLOOKUP(N16,'Catálogo SAP'!D:F,3,FALSE),"") -> #N/A | Q16: 4 | R16: 9 | S16: 22 | T16: 19 | U16: 176 | V16: =U16*P16*Q16 -> #N/A | W16: =(Q16*R16)*P16 -> #N/A | X16: =S16*W16 -> #N/A | Y16: =T16*W16 -> #N/A | Z16: =Y16/X16 -> #N/A
B17: Edson Lobão | C17: =SUMIF('REAL DR'!J37:J1755,"EDSON LOBÃO",'REAL DR'!Q37:Q1755) -> #VALUE! | D17: =IF(E17<>"",VLOOKUP(E17,'RESUMO DR'!$F$10:$G$20,2,FALSE),"") -> IMPERATRIZ | E17: T-01 | L17: 210 | M17: =IF(L17<>"",VLOOKUP(L17,'Catálogo SAP'!$A$1:$F$245,2,FALSE),"-") -> 210 | N17: =IF(L17<>"",VLOOKUP(L17,'Catálogo SAP'!A:F,3,FALSE),"") -> S.VP-01446 | O17: =IF(M17<>"",VLOOKUP(M17,'Catálogo SAP'!C:F,3,FALSE),"") -> #N/A | P17: =IF(N17<>"",VLOOKUP(N17,'Catálogo SAP'!D:F,3,FALSE),"") -> #N/A | W17: =(Q17*R17)*P17 -> #N/A | X17: =S17*W17 -> #N/A | Y17: =T17*W17 -> #N/A | Z17: =Y17/X17 -> #N/A
B18: Palmeirante | C18: =SUMIF('REAL DR'!J37:J2077,"Palmeirante",'REAL DR'!Q37:Q2077) -> #VALUE! | D18: =IF(E18<>"",VLOOKUP(E18,'RESUMO DR'!$F$10:$G$22,2,FALSE),"") -> ARAGUAINA | E18: T-02 | L18: 280 | M18: =IF(L18<>"",VLOOKUP(L18,'Catálogo SAP'!$A$1:$F$245,2,FALSE),"-") -> 280 | N18: =IF(L18<>"",VLOOKUP(L18,'Catálogo SAP'!A:F,3,FALSE),"") -> S.VP-01453 | O18: =IF(M18<>"",VLOOKUP(M18,'Catálogo SAP'!C:F,3,FALSE),"") -> #N/A | P18: =IF(N18<>"",VLOOKUP(N18,'Catálogo SAP'!D:F,3,FALSE),"") -> #N/A | Q18: 1 | R18: 9 | S18: 22 | T18: 19 | U18: 176 | V18: =P18*Q18*U18 -> #N/A | W18: =(Q18*R18)*P18 -> #N/A | X18: =S18*W18 -> #N/A | Y18: =T18*W18 -> #N/A | Z18: =Y18/X18 -> #N/A
B19: Tupiratins | C19: =SUMIF('REAL DR'!J37:J1757,"Tupiratins",'REAL DR'!Q37:Q1757) -> #VALUE! | D19: =IF(E19<>"",VLOOKUP(E19,'RESUMO DR'!$F$10:$G$22,2,FALSE),"") -> PALMAS | E19: T-03 | L19: 290 | M19: =IF(L19<>"",VLOOKUP(L19,'Catálogo SAP'!$A$1:$F$245,2,FALSE),"-") -> 290 | N19: =IF(L19<>"",VLOOKUP(L19,'Catálogo SAP'!A:F,3,FALSE),"") -> S.VP-01454 | O19: =IF(M19<>"",VLOOKUP(M19,'Catálogo SAP'!C:F,3,FALSE),"") -> #N/A | P19: =IF(N19<>"",VLOOKUP(N19,'Catálogo SAP'!D:F,3,FALSE),"") -> #N/A | W19: =(Q19*R19)*P19 -> #N/A | X19: =S19*W19 -> #N/A | Y19: =T19*W19 -> #N/A | Z19: =Y19/X19 -> #N/A
B20: Guaraí | C20: =SUMIF('REAL DR'!J37:J1729,"Guaraí",'REAL DR'!Q37:Q1729) -> #VALUE! | D20: =IF(E20<>"",VLOOKUP(E20,'RESUMO DR'!$F$10:$G$22,2,FALSE),"") -> PALMAS | E20: T-03 | L20: 240 | M20: =IF(L20<>"",VLOOKUP(L20,'Catálogo SAP'!$A$1:$F$245,2,FALSE),"-") -> 240 | N20: =IF(L20<>"",VLOOKUP(L20,'Catálogo SAP'!A:F,3,FALSE),"") -> S.VP-01449 | O20: =IF(M20<>"",VLOOKUP(M20,'Catálogo SAP'!C:F,3,FALSE),"") -> #N/A | P20: =IF(N20<>"",VLOOKUP(N20,'Catálogo SAP'!D:F,3,FALSE),"") -> #N/A | R20: 9 | W20: =(Q20*R20)*P20 -> #N/A | X20: =S20*W20 -> #N/A | Y20: =T20*W20 -> #N/A | Z20: =Y20/X20 -> #N/A
B21: Tupirama | C21: =SUMIF('REAL DR'!J37:J1730,"Tupirama",'REAL DR'!Q37:Q1730) -> #VALUE! | D21: =IF(E21<>"",VLOOKUP(E21,'RESUMO DR'!$F$10:$G$22,2,FALSE),"") -> PALMAS | E21: T-03 | L21: 250 | M21: =IF(L21<>"",VLOOKUP(L21,'Catálogo SAP'!$A$1:$F$245,2,FALSE),"-") -> 250 | N21: =IF(L21<>"",VLOOKUP(L21,'Catálogo SAP'!A:F,3,FALSE),"") -> S.VP-01450 | O21: =IF(M21<>"",VLOOKUP(M21,'Catálogo SAP'!C:F,3,FALSE),"") -> #N/A | P21: =IF(N21<>"",VLOOKUP(N21,'Catálogo SAP'!D:F,3,FALSE),"") -> #N/A | Q21: 2 | R21: 9 | S21: 22 | T21: 22 | U21: =176+36 -> 212 | V21: =U21*Q21*P21 -> #N/A | W21: =(Q21*R21)*P21 -> #N/A | X21: =S21*W21 -> #N/A | Y21: =T21*W21 -> #N/A | Z21: =Y21/X21 -> #N/A
B22: Rio dos Bois | C22: =SUMIF('REAL DR'!J37:J1731,"Rio dos Bois",'REAL DR'!Q37:Q1731) -> 0 | D22: =IF(E22<>"",VLOOKUP(E22,'RESUMO DR'!$F$10:$G$22,2,FALSE),"") -> PALMAS | E22: T-03 | L22: 400 | M22: =IF(L22<>"",VLOOKUP(L22,'Catálogo SAP'!$A$1:$F$245,2,FALSE),"-") -> 400 | N22: =IF(L22<>"",VLOOKUP(L22,'Catálogo SAP'!A:F,3,FALSE),"") -> S.VP-01461 | O22: =IF(M22<>"",VLOOKUP(M22,'Catálogo SAP'!C:F,3,FALSE),"") -> #N/A | P22: =IF(N22<>"",VLOOKUP(N22,'Catálogo SAP'!D:F,3,FALSE),"") -> #N/A | Q22: 1 | R22: 9 | S22: 22 | T22: 10 | U22: 120 | V22: =U22*Q22*P22 -> #N/A | W22: =(Q22*R22)*P22 -> #N/A | X22: =S22*W22 -> #N/A | Y22: =T22*W22 -> #N/A | Z22: =Y22/X22 -> #N/A
B23: Miracema | C23: =SUMIF('REAL DR'!J37:J1755,"Miracema",'REAL DR'!Q37:Q1755) -> 0 | D23: =IF(E23<>"",VLOOKUP(E23,'RESUMO DR'!$F$10:$G$22,2,FALSE),"") -> PALMAS | E23: T-03 | L23: 410 | M23: =IF(L23<>"",VLOOKUP(L23,'Catálogo SAP'!$A$1:$F$245,2,FALSE),"-") -> 410 | N23: =IF(L23<>"",VLOOKUP(L23,'Catálogo SAP'!A:F,3,FALSE),"") -> S.VP-01462 | O23: =IF(M23<>"",VLOOKUP(M23,'Catálogo SAP'!C:F,3,FALSE),"") -> #N/A | P23: =IF(N23<>"",VLOOKUP(N23,'Catálogo SAP'!D:F,3,FALSE),"") -> #N/A | Q23: 1 | R23: 9 | U23: 176 | V23: =U23*P23*Q23 -> #N/A | W23: =(Q23*R23)*P23 -> #N/A | X23: =S23*W23 -> #N/A | Y23: =T23*W23 -> #N/A | Z23: =Y23/X23 -> #N/A
B24: Porto Nacional | C24: =SUMIF('REAL DR'!J37:J1755,"Porto Nacional",'REAL DR'!Q37:Q1755) -> 0 | D24: =IF(E24<>"",VLOOKUP(E24,'RESUMO DR'!$F$10:$G$22,2,FALSE),"") -> PALMAS | E24: T-03 | L24: 520 | M24: =IF(L24<>"",VLOOKUP(L24,'Catálogo SAP'!$A$1:$F$245,2,FALSE),"-") -> 520 | N24: =IF(L24<>"",VLOOKUP(L24,'Catálogo SAP'!A:F,3,FALSE),"") -> S.VP-01469 | O24: =IF(M24<>"",VLOOKUP(M24,'Catálogo SAP'!C:F,3,FALSE),"") -> #N/A | P24: =IF(N24<>"",VLOOKUP(N24,'Catálogo SAP'!D:F,3,FALSE),"") -> #N/A | Q24: 1 | R24: 9 | S24: 22 | T24: 19 | U24: =120 -> 120 | V24: =U24*P24*Q24 -> #N/A | W24: =(Q24*R24)*P24 -> #N/A | X24: =S24*W24 -> #N/A | Y24: =T24*W24 -> #N/A | Z24: =Y24/X24 -> #N/A
B25: ESTREITO | C25: =SUMIF('REAL DR'!J37:J1757,"ESTREITO",'REAL DR'!Q37:Q1757) -> 0 | D25: =IF(E25<>"",VLOOKUP(E25,'RESUMO DR'!$F$10:$G$22,2,FALSE),"") -> ARAGUAINA | E25: T-02 | L25: 530 | M25: =IF(L25<>"",VLOOKUP(L25,'Catálogo SAP'!$A$1:$F$245,2,FALSE),"-") -> 530 | N25: =IF(L25<>"",VLOOKUP(L25,'Catálogo SAP'!A:F,3,FALSE),"") -> S.VP-01470 | O25: =IF(M25<>"",VLOOKUP(M25,'Catálogo SAP'!C:F,3,FALSE),"") -> #N/A | P25: =IF(N25<>"",VLOOKUP(N25,'Catálogo SAP'!D:F,3,FALSE),"") -> #N/A | W25: =(Q25*R25)*P25 -> #N/A | X25: =S25*W25 -> #N/A | Y25: =T25*W25 -> #N/A | Z25: =Y25/X25 -> #N/A
B26: AGUIARNÓPOLIS | C26: =SUMIF('REAL DR'!J37:J1756,"AGUIARNÓPOLIS",'REAL DR'!Q37:Q1756) -> #VALUE! | D26: =IF(E26<>"",VLOOKUP(E26,'RESUMO DR'!$F$10:$G$22,2,FALSE),"") -> ARAGUAINA | E26: T-02 | H26: Fechamento Imperatriz | J26: 553312.96 | L26: 220 | M26: =IF(L26<>"",VLOOKUP(L26,'Catálogo SAP'!$A$1:$F$245,2,FALSE),"-") -> 220 | N26: =IF(L26<>"",VLOOKUP(L26,'Catálogo SAP'!A:F,3,FALSE),"") -> S.VP-01447 | O26: =IF(M26<>"",VLOOKUP(M26,'Catálogo SAP'!C:F,3,FALSE),"") -> #N/A | P26: =IF(N26<>"",VLOOKUP(N26,'Catálogo SAP'!D:F,3,FALSE),"") -> #N/A | Q26: 0 | R26: 1 | V26: =U26*P26 -> #N/A | W26: =(Q26*R26)*P26 -> #N/A | X26: =S26*W26 -> #N/A | Y26: =T26*W26 -> #N/A | Z26: =Y26/X26 -> #N/A
B27: PALMEIRAS DO TOCANTINS | C27: =SUMIF('REAL DR'!J37:J1757,"PALMEIRAS DO TOCANTINS",'REAL DR'!Q37:Q1757) -> 0 | D27: =IF(E27<>"",VLOOKUP(E27,'RESUMO DR'!$F$10:$G$22,2,FALSE),"") -> ARAGUAINA | E27: T-02 | L27: 580 | M27: =IF(L27<>"",VLOOKUP(L27,'Catálogo SAP'!$A$1:$F$245,2,FALSE),"-") -> 580 | N27: =IF(L27<>"",VLOOKUP(L27,'Catálogo SAP'!A:F,3,FALSE),"") -> S.VP-01475 | O27: =IF(M27<>"",VLOOKUP(M27,'Catálogo SAP'!C:F,3,FALSE),"") -> #N/A | P27: =IF(N27<>"",VLOOKUP(N27,'Catálogo SAP'!D:F,3,FALSE),"") -> #N/A | Q27: 1 | R27: 1 | T27: 1 | U27: 1 | V27: =Q27*P27 -> #N/A | W27: =(Q27*R27)*P27 -> #N/A | X27: =S27*W27 -> #N/A | Y27: =T27*W27 -> #N/A | Z27: =Y27/X27 -> #N/A
M28: S.VPP-00785 | N28: MOBILIZAÇÃO MINIESCAVADEIRA | O28: VB | P28: 2440.43 | Q28: 1 | U28: 1 | V28: =U28*P28 -> 2440.43
B29: DARCINÓPOLIS | C29: =SUMIF('REAL DR'!J37:J1758,"DARCINÓPOLIS",'REAL DR'!Q37:Q1758) -> 0 | D29: =IF(E29<>"",VLOOKUP(E29,'RESUMO DR'!$F$10:$G$22,2,FALSE),"") -> ARAGUAINA | E29: T-02 | M29: S.VPP-00787 | N29: HORA PRODUTIVA MINIESCAVADEIRA | O29: HP | P29: 241.06 | Q29: 1 | S29: 10 | U29: 90 | V29: =U29*P29 -> 21695.4 | X29: =SUM(X12:X27) -> #N/A | Y29: =SUM(Y12:Y27) -> #N/A | Z29: Faturado | AA29: DESVIO | AB29: Perda valor
B30: BABAÇULÂNDIA | C30: =SUMIF('REAL DR'!J37:J1355,"BABAÇULÂNDIA",'REAL DR'!Q37:Q1355) -> #VALUE! | D30: =IF(E30<>"",VLOOKUP(E30,'RESUMO DR'!$F$10:$G$22,2,FALSE),"") -> ARAGUAINA | E30: T-02 | M30: S.VPP-00788 | N30: HORA IMPRODUTIVA MINIESCAVADEIRA | O30: HI | P30: 190.52 | Z30: =Y29/X29 -> #N/A | AA30: =1-Z30 -> #N/A | AB30: =X29-W29 -> #N/A
B31: ARAGUAÍNA | C31: =SUMIF('REAL DR'!J37:J1865,"ARAGUAÍNA",'REAL DR'!Q37:Q1865) -> #VALUE! | D31: =IF(E31<>"",VLOOKUP(E31,'RESUMO DR'!$F$10:$G$22,2,FALSE),"") -> ARAGUAINA | E31: T-02 | Y31: =Y29+60000 -> #N/A | Z31: 45145
B32: PT Porto Franco | C32: =SUMIF('REAL DR'!J37:J1357,"PT Porto Franco",'REAL DR'!Q37:Q1357) -> 0 | D32: =IF(E32<>"",VLOOKUP(E32,'RESUMO DR'!$F$10:$G$22,2,FALSE),"") -> IMPERATRIZ | E32: T-01 | Y32: =Y31*0.82 -> #N/A | Z32: 45145
B33: ENG. VLI | C33: =SUMIF('REAL DR'!J37:J1358,"ENG.VLI",'REAL DR'!Q37:Q1358) -> 0 | D33: =IF(E33<>"",VLOOKUP(E33,'RESUMO DR'!$F$10:$G$22,2,FALSE),"") -> ENG. VLI | E33: T-04
D34: =IF(E34<>"",VLOOKUP(E34,'RESUMO DR'!$F$10:$G$22,2,FALSE),"") | Y34: =775749.92 -> 775749.92
B35: TOTAL | C35: =SUM(C9:C34) -> #VALUE! | Y35: =Y34*0.82 -> 636114.93
K36: Caso 100% realizado se programado | Y36: =Y35-Y34 -> -139634.99
B37: Gestor: | C37: Tharcísio Pereira | K37: EQ | M37: HP | N37: HI | O37: Dia Tb 9hs | R37: Dia Tb 8hs | T37: Soma Total HP | W37: Horas total
K38: PC | L38: 1 | M38: 251.96 | N38: 191.73 | O38: 16 | P38: 9 | R38: 4 | S38: 8 | T38: =M38*W38 -> 44344.96 | W38: =((O38*P38)+(R38*S38))*L38 -> 176
K39: RE | L39: 2 | M39: 149.45 | N39: 133.62 | O39: 16 | P39: 9 | R39: 4 | S39: 8 | T39: =M39*W39 -> 52606.4 | W39: =((O39*P39)+(R39*S39))*L39 -> 352
K40: CB | L40: 4 | M40: 181.92 | N40: 146.21 | O40: 16 | P40: 9 | R40: 4 | S40: 8 | T40: =M40*W40 -> 128071.68 | W40: =((O40*P40)+(R40*S40))*L40 -> 704
J41: NOV | K41: CM | L41: 1 | M41: 263.21 | N41: 169.59 | O41: 16 | P41: 9 | R41: 4 | S41: 8 | T41: =M41*W41 -> 46324.96 | W41: =((O41*P41)+(R41*S41))*L41 -> 176
K42: EH | L42: 1 | M42: 251.96 | N42: 191.73 | O42: 16 | P42: 9 | R42: 4 | S42: 8 | T42: =M42*W42 -> 44344.96 | W42: =((O42*P42)+(R42*S42))*L42 -> 176
K43: MN | L43: 1 | M43: 286.87 | N43: 232.1 | O43: 16 | P43: 9 | R43: 4 | S43: 8 | T43: =M43*W43 -> 50489.12 | W43: =((O43*P43)+(R43*S43))*L43 -> 176
K44: VL | L44: 2 | M44: 17093.68 | O44: 16 | P44: 9 | R44: 4 | S44: 8 | T44: =L44*M44 -> 34187.36
M45: Dias com atividades | O45: =O38+R38 -> 20 | T45: =SUM(T38:T44) -> 400369.44 | W45: 1
P46: Perda de % | R46: 0.1 | S46: =T45*R46 -> 40036.944 | T46: =T45-S46 -> 360332.5 | W46: =T46/T45 -> 0.9
P47: Valor medição Real | T47: =H15 -> #VALUE! | W47: =T47/T45 -> #VALUE!
K48: Conforme programação do mês de dias de trabalho
K49: EQ | L49: QTDE | M49: HP | N49: HI | O49: Dia Tb 9hs | R49: Dia Tb 8hs | T49: Soma Total HP | W49: Total Horas
K50: CB-009 | M50: 181.92 | N50: 129.39 | O50: 17 | P50: 9 | R50: 5 | S50: 8 | T50: =M50*W50 -> 0 | W50: =((O50*P50)+(R50*S50))*L50 -> 0
K51: CB-010 | M51: 181.92 | N51: 129.39 | O51: 17 | P51: 9 | R51: 5 | S51: 8 | T51: =M51*W51 -> 0 | W51: =((O51*P51)+(R51*S51))*L51 -> 0
K52: CB-022 | L52: 1 | M52: 181.92 | N52: 129.39 | O52: 17 | P52: 9 | R52: 5 | S52: 8 | T52: =M52*W52 -> 35110.56 | W52: =((O52*P52)+(R52*S52))*L52 -> 193
K53: CB-021 | L53: 1 | M53: 181.92 | N53: 129.39 | O53: 17 | P53: 9 | R53: 5 | S53: 8 | T53: =M53*W53 -> 35110.56 | W53: =((O53*P53)+(R53*S53))*L53 -> 193
K54: CB-023 | L54: 1 | M54: 181.92 | N54: 129.39 | O54: 17 | P54: 9 | R54: 5 | S54: 8 | T54: =M54*W54 -> 35110.56 | W54: =((O54*P54)+(R54*S54))*L54 -> 193
K55: RE-017 | L55: 1 | M55: 149.45 | N55: 133.62 | O55: 17 | P55: 9 | R55: 5 | S55: 8 | T55: =M55*W55 -> 28843.85 | W55: =((O55*P55)+(R55*S55))*L55 -> 193
K56: RE-018 | L56: 1 | M56: 149.45 | N56: 133.62 | O56: 17 | P56: 9 | R56: 5 | S56: 8 | T56: =M56*W56 -> 28843.85 | W56: =((O56*P56)+(R56*S56))*L56 -> 193
K57: PC-002 | L57: 1 | M57: 251.96 | N57: 191.73 | O57: 17 | P57: 9 | R57: 5 | S57: 8 | T57: =M57*W57 -> 48628.28 | W57: =((O57*P57)+(R57*S57))*L57 -> 193
K58: PC-004 | L58: 1 | M58: 251.96 | N58: 191.73 | O58: 17 | P58: 9 | R58: 5 | S58: 8 | T58: =M58*W58 -> 48628.28 | W58: =((O58*P58)+(R58*S58))*L58 -> 193
K59: MN-002 | M59: 286.87 | N59: 232.1 | O59: 17 | P59: 9 | R59: 5 | S59: 8 | T59: =M59*W59 -> 0 | W59: =((O59*P59)+(R59*S59))*L59 -> 0
K60: CM-002 | L60: 1 | M60: 263.21 | N60: 169.59 | O60: 17 | P60: 9 | R60: 5 | S60: 8 | T60: =M60*W60 -> 50799.53 | W60: =((O60*P60)+(R60*S60))*L60 -> 193
K61: EH-008 | L61: 1 | M61: 222.97 | N61: 169.67 | O61: 17 | P61: 9 | R61: 5 | S61: 8 | T61: =M61*W61 -> 43033.21 | W61: =((O61*P61)+(R61*S61))*L61 -> 193
K62: EH-016 | M62: 222.97 | N62: 169.67 | O62: 17 | P62: 9 | R62: 5 | S62: 8 | T62: =M62*W62 -> 0 | W62: =((O62*P62)+(R62*S62))*L62 -> 0
K63: VL | L63: 2 | M63: 17093.68 | O63: 15 | P63: 9 | R63: 4 | S63: 8 | T63: =M63*L63 -> 34187.36
T64: =SUM(T50:T63) -> 388296.04 | W64: 1
P65: Perda de % | R65: 0.1 | S65: =T64*R65 -> 38829.604 | T65: =T64-S65 -> 349466.44 | W65: =T65/T64 -> 0.9
P66: Valor medição Real | T66: =H15 -> #VALUE! | W66: =T66/T64 -> #VALUE!
K67: Estimativa conforme andamento e previsao faltante
K68: EQ | L68: QTDE | M68: HP | N68: HI | O68: Dia Tb 9hs | R68: Dia Tb 8hs | T68: Soma Total HP | W68: Total Horas
K69: CB-009 | M69: 181.92 | N69: 129.39 | O69: 17 | P69: 9 | R69: 5 | S69: 8 | T69: =M69*W69 -> 0 | W69: =((O69*P69)+(R69*S69))*L69 -> 0
K70: CB-010 | L70: 1 | M70: 181.92 | N70: 129.39 | O70: 17 | P70: 9 | R70: 5 | S70: 8 | T70: =M70*W70 -> 35110.56 | W70: =((O70*P70)+(R70*S70))*L70 -> 193
K71: CB-022 | L71: 1 | M71: 181.92 | N71: 129.39 | O71: 17 | P71: 9 | R71: 5 | S71: 8 | T71: =M71*W71 -> 35110.56 | W71: =((O71*P71)+(R71*S71))*L71 -> 193
K72: CB-021 | L72: 1 | M72: 181.92 | N72: 129.39 | O72: 17 | P72: 9 | R72: 5 | S72: 8 | T72: =M72*W72 -> 35110.56 | W72: =((O72*P72)+(R72*S72))*L72 -> 193
K73: CB-023 | M73: 181.92 | N73: 129.39 | O73: 17 | P73: 9 | R73: 5 | S73: 8 | T73: =M73*W73 -> 0 | W73: =((O73*P73)+(R73*S73))*L73 -> 0
K74: RE-017 | L74: 1 | M74: 149.45 | N74: 133.62 | O74: 17 | P74: 9 | R74: 5 | S74: 8 | T74: =M74*W74 -> 28843.85 | W74: =((O74*P74)+(R74*S74))*L74 -> 193
K75: RE-018 | L75: 1 | M75: 149.45 | N75: 133.62 | O75: 17 | P75: 9 | R75: 5 | S75: 8 | T75: =M75*W75 -> 28843.85 | W75: =((O75*P75)+(R75*S75))*L75 -> 193
K76: PC-002 | L76: 1 | M76: 251.96 | N76: 191.73 | O76: 17 | P76: 9 | R76: 5 | S76: 8 | T76: =M76*W76 -> 48628.28 | W76: =((O76*P76)+(R76*S76))*L76 -> 193
K77: PC-004 | L77: 1 | M77: 251.96 | N77: 191.73 | O77: 17 | P77: 9 | R77: 5 | S77: 8 | T77: =M77*W77 -> 48628.28 | W77: =((O77*P77)+(R77*S77))*L77 -> 193
K78: MN-002 | M78: 286.87 | N78: 232.1 | O78: 17 | P78: 9 | R78: 5 | S78: 8 | T78: =M78*W78 -> 0 | W78: =((O78*P78)+(R78*S78))*L78 -> 0
K79: CM-002 | L79: 1 | M79: 263.21 | N79: 169.59 | O79: 8 | P79: 9 | R79: 2 | S79: 8 | T79: =M79*W79 -> 23162.48 | W79: =((O79*P79)+(R79*S79))*L79 -> 88
K80: EH-008 | L80: 1 | M80: 222.97 | N80: 169.67 | O80: 17 | P80: 9 | R80: 5 | S80: 8 | T80: =M80*W80 -> 43033.21 | W80: =((O80*P80)+(R80*S80))*L80 -> 193
K81: EH-016 | M81: 222.97 | N81: 169.67 | O81: 17 | P81: 9 | R81: 5 | S81: 8 | T81: =M81*W81 -> 0 | W81: =((O81*P81)+(R81*S81))*L81 -> 0
K82: VL | L82: 2 | M82: 17093.68 | O82: 15 | P82: 9 | R82: 4 | S82: 8 | T82: =M82*L82 -> 34187.36
T83: =SUM(T69:T82) -> 360658.99 | W83: 1
P84: Perda de % | R84: 0.1 | S84: =T83*R84 -> 36065.899 | T84: =T83-S84 -> 324593.09 | W84: =T84/T83 -> 0.9
P85: Valor medição Real | T85: =H15 -> #VALUE! | W85: =T85/T83 -> #VALUE!

Sheet Planilha1
A1: CONTROLE DE VIAGENS DE TRANSPORTE DE MATERIAL
A2: Motorista: | G2: Código de frota | I2: Placa
A4: DATA | B4: COMPRIMENTO | D4: LARGURA | E4: ALTURA 1 | F4: ALTURA 2 | G4: ALTURA 3 | H4: MÉDIA | I4: VOLUME | J4: Nº ROMANEIRO | K4: HORA DA CARGA | L4: HORA DA DESCARGA | M4: ASSINATURA FORNECEDOR

Sheet ITENS SAP
A1: DR CONSTRUTORA E SERVIÇOS LTDA
A2: RDO | B2: DIA | C2: MUNICÍPIO | D2: CÓDIGO DO RDO | E2: NÚMERO
A3: 1728 | B3: ='[1]Medição '!D2 -> 43851 | C3: SÃO LUIS | D3: 120 | E3: S.VPP-00120
A4: 1728 | B4: ='[1]Medição '!D3 -> 43851 | C4: SÃO LUIS | D4: 130 | E4: S.VPP-00118
A5: 1727 | B5: ='[1]Medição '!D4 -> 43851 | C5: IMPERATRIZ | D5: 200 | E5: S.VPP-00758
A6: 1727 | B6: ='[1]Medição '!D5 -> 43851 | C6: IMPERATRIZ | D6: 210 | E6: S.VPP-00759
A7: 1727 | B7: ='[1]Medição '!D6 -> 43851 | C7: IMPERATRIZ | D7: 170 | E7: S.VPP-00755
A8: 1727 | B8: ='[1]Medição '!D7 -> 43851 | C8: IMPERATRIZ | D8: 290 | E8: S.VPP-00767
A9: 1729 | B9: ='[1]Medição '!D8 -> 43852 | C9: SÃO LUIS | D9: 120 | E9: S.VPP-00120
A10: 1729 | B10: ='[1]Medição '!D9 -> 43852 | C10: SÃO LUIS | D10: 130 | E10: S.VPP-00118
A11: 1730 | B11: ='[1]Medição '!D10 -> 43852 | C11: IMPERATRIZ | D11: 200 | E11: S.VPP-00758
A12: 1730 | B12: ='[1]Medição '!D11 -> 43852 | C12: IMPERATRIZ | D12: 210 | E12: S.VPP-00759
A13: 1730 | B13: ='[1]Medição '!D12 -> 43852 | C13: IMPERATRIZ | D13: 170 | E13: S.VPP-00755
A14: 1730 | B14: ='[1]Medição '!D13 -> 43852 | C14: IMPERATRIZ | D14: 290 | E14: S.VPP-00767
... A149: 1784 | B149: ='[1]Medição '!D148 -> 43880 | C149: JOAO LISBOA | D149: 290 | E149: S.VPP-00767
A152: Supervisor DR Construtora | D152: Fiscal VLI

Sheet REAL DR
A1: ='RESUMO DR'!B4 -> MEDIÇÃO VLI 2015 DR ENGENHARIA 16/12/24 a 20/01/2025
L3: Total Medição = | Q3: =SUM(Q6:Q1004) -> #VALUE!
A5: RDO | B5: Data | C5: FROTA | D5: Semana | E5: CÓDIGO SAP | F5: Horimetro Inicial | G5: Horimetro Final | H5: KM INICIAL | I5: KM FINAL | J5: Município | K5: Item | L5: Descrição | M5: Und. | N5: Preço (R$) | O5: Quant. De Hrs | P5: HM | Q5: TOTAL (R$) | R5: SUPERVISÃO | S5: CENTRO | T5: KM IN | U5: KM FN | V5: LITROS | W5: VALOR | X5: MEDIA Veiculos | Y5: Media EGP | Z5: Observações
A6: 1786 | B6: 45642 | C6: REL-04 | D6: =IF(B6="","-",TEXT(B6,"ddd")) -> seg | E6: =IF(K6<>"",VLOOKUP(K6,'Catálogo SAP'!$A$1:$F$245,2,FALSE),"-") -> 120 | F6: 96 | G6: 102 | I6: 452 | J6: =IF(AND(I6>=0.001,I6<=16),"AÇAILÂNDIA","")&IF(AND(I6>=16.001,I6<=44),"S.F. BREJÃO","")&IF(AND(I6>=44.001,I6<=78),"JOÃO LISBOA","")&IF(AND(I6>=78.001,I6<=96.397),"IMPERATRIZ","")&IF(AND(I6>=96.398,I6<=122.82),"EDSON LOBÃO","")&IF(AND(I6>=122.821,I6<=152.303),"RIBAMAR FIQUENE","")&IF(AND(I6>=152.304,I6<=172.403),"CAMPESTRE","")&IF(AND(I6>=172.404,I6<=195),"PORTO FRANCO","")&IF(AND(I6>=300,I6<=300),"SAO LUIS","")&IF(AND(I6>=385.4,I6<=465.4),"Palmeirante","")&IF(AND(I6>=465.401,I6<=520.455),"Tupiratins","")&IF(AND(I6>=520.456,I6<=536.741),"Guaraí","")&IF(AND(I6>=536.742,I6<=580.293),"Tupirama","")&IF(AND(I6>=580.294,I6<=608.637),"Rio dos Bois","")&IF(AND(I6>=608.638,I6<=698.981),"Miracema","")&IF(AND(I6>=698.982,I6<=735.6),"Porto Nacional","")&IF(AND(I6>=195.1,I6<=213.603),"ESTREITO","")&IF(AND(I6>=213.604,I6<=218.976),"AGUIARNÓPOLIS","")&IF(AND(I6>=218.977,I6<=253.5),"PALMEIRAS DO TOCANTINS","")&IF(AND(I6>=253.501,I6<=274.15),"DARCINÓPOLIS","")&IF(AND(I6>=274.151,I6<=299.999),"BABAÇULÂNDIA","")&IF(AND(I6>=356.62,I6<=385.4),"ARAGUAÍNA","")&IF(AND(I6>=300.001,I6<=356.619),"BABAÇULÂNDIA","")&IF(AND(I6>=900,I6<=902),"ENG. VLI","") -> Palmeirante | K6: 120 | L6: =IF(K6<>"",VLOOKUP(K6,'Catálogo SAP'!A:F,3,FALSE),"") -> S.VP-01437 | M6: =IF(K6<>"",VLOOKUP(K6,'Catálogo SAP'!A:F,4,FALSE),"") -> Hr Produtiva Retroescavadeira C/Operador | N6: =IF(K6<>"",VLOOKUP(K6,'Catálogo SAP'!A:F,5,FALSE),"") -> H | O6: 6 | P6: =IF(G6="","-",G6-F6) -> 6 | Q6: =IF(K6="","-",N6*O6) -> #VALUE! | R6: T-03 | S6: PALMAS
A7: 1786 | B7: 45642 | C7: REL-04 | D7: =IF(B7="","-",TEXT(B7,"ddd")) -> seg | E7: =IF(K7<>"",VLOOKUP(K7,'Catálogo SAP'!$A$1:$F$245,2,FALSE),"-") -> 130 | F7: 102 | G7: 102 | I7: 452 | J7: =IF(AND(I7>=0.001,I7<=16),"AÇAILÂNDIA","")&IF(AND(I7>=16.001,I7<=44),"S.F. BREJÃO","")&IF(AND(I7>=44.001,I7<=78),"JOÃO LISBOA","")&IF(AND(I7>=78.001,I7<=96.397),"IMPERATRIZ","")&IF(AND(I7>=96.398,I7<=122.82),"EDSON LOBÃO","")&IF(AND(I7>=122.821,I7<=152.303),"RIBAMAR FIQUENE","")&IF(AND(I7>=152.304,I7<=172.403),"CAMPESTRE","")&IF(AND(I7>=172.404,I7<=195),"PORTO FRANCO","")&IF(AND(I7>=300,I7<=300),"SAO LUIS","")&IF(AND(I7>=385.4,I7<=465.4),"Palmeirante","")&IF(AND(I7>=465.401,I7<=520.455),"Tupiratins","")&IF(AND(I7>=520.456,I7<=536.741),"Guaraí","")&IF(AND(I7>=536.742,I7<=580.293),"Tupirama","")&IF(AND(I7>=580.294,I7<=608.637),"Rio dos Bois","")&IF(AND(I7>=608.638,I7<=698.981),"Miracema","")&IF(AND(I7>=698.982,I7<=735.6),"Porto Nacional","")&IF(AND(I7>=195.1,I7<=213.603),"ESTREITO","")&IF(AND(I7>=213.604,I7<=218.976),"AGUIARNÓPOLIS","")&IF(AND(I7>=218.977,I7<=253.5),"PALMEIRAS DO TOCANTINS","")&IF(AND(I7>=253.501,I7<=274.15),"DARCINÓPOLIS","")&IF(AND(I7>=274.151,I7<=299.999),"BABAÇULÂNDIA","")&IF(AND(I7>=356.62,I7<=385.4),"ARAGUAÍNA","")&IF(AND(I7>=300.001,I7<=356.619),"BABAÇULÂNDIA","")&IF(AND(I7>=900,I7<=902),"ENG. VLI","") -> Palmeirante | K7: 130 | L7: =IF(K7<>"",VLOOKUP(K7,'Catálogo SAP'!A:F,3,FALSE),"") -> S.VP-01438 | M7: =IF(K7<>"",VLOOKUP(K7,'Catálogo SAP'!A:F,4,FALSE),"") -> Hr Improdutiva Retroescavadeira C/Operador | N7: =IF(K7<>"",VLOOKUP(K7,'Catálogo SAP'!A:F,5,FALSE),"") -> H | O7: 3 | P7: =IF(G7="","-",G7-F7) -> 0 | Q7: =IF(K7="","-",N7*O7) -> #VALUE! | R7: T-03 | S7: PALMAS
B8: 45642 | C8: RE-018 | D8: =IF(B8="","-",TEXT(B8,"ddd")) -> seg | E8: =IF(K8<>"",VLOOKUP(K8,'Catálogo SAP'!$A$1:$F$245,2,FALSE),"-") -> - | J8: =IF(AND(I8>=0.001,I8<=16),"AÇAILÂNDIA","")&IF(AND(I8>=16.001,I8<=44),"S.F. BREJÃO","")&IF(AND(I8>=44.001,I8<=78),"JOÃO LISBOA","")&IF(AND(I8>=78.001,I8<=96.397),"IMPERATRIZ","")&IF(AND(I8>=96.398,I8<=122.82),"EDSON LOBÃO","")&IF(AND(I8>=122.821,I8<=152.303),"RIBAMAR FIQUENE","")&IF(AND(I8>=152.304,I8<=172.403),"CAMPESTRE","")&IF(AND(I8>=172.404,I8<=195),"PORTO FRANCO","")&IF(AND(I8>=300,I8<=300),"SAO LUIS","")&IF(AND(I8>=385.4,I8<=465.4),"Palmeirante","")&IF(AND(I8>=465.401,I8<=520.455),"Tupiratins","")&IF(AND(I8>=520.456,I8<=536.741),"Guaraí","")&IF(AND(I8>=536.742,I8<=580.293),"Tupirama","")&IF(AND(I8>=580.294,I8<=608.637),"Rio dos Bois","")&IF(AND(I8>=608.638,I8<=698.981),"Miracema","")&IF(AND(I8>=698.982,I8<=735.6),"Porto Nacional","")&IF(AND(I8>=195.1,I8<=213.603),"ESTREITO","")&IF(AND(I8>=213.604,I8<=218.976),"AGUIARNÓPOLIS","")&IF(AND(I8>=218.977,I8<=253.5),"PALMEIRAS DO TOCANTINS","")&IF(AND(I8>=253.501,I8<=274.15),"DARCINÓPOLIS","")&IF(AND(I8>=274.151,I8<=299.999),"BABAÇULÂNDIA","")&IF(AND(I8>=356.62,I8<=385.4),"ARAGUAÍNA","")&IF(AND(I8>=300.001,I8<=356.619),"BABAÇULÂNDIA","")&IF(AND(I8>=900,I8<=902),"ENG. VLI","") | L8: =IF(K8<>"",VLOOKUP(K8,'Catálogo SAP'!A:F,3,FALSE),"") | M8: =IF(K8<>"",VLOOKUP(K8,'Catálogo SAP'!A:F,4,FALSE),"") | N8: =IF(K8<>"",VLOOKUP(K8,'Catálogo SAP'!A:F,5,FALSE),"") | P8: =IF(G8="","-",G8-F8) -> - | Q8: =IF(K8="","-",N8*O8) -> - | R8: =IF(J8<>"",VLOOKUP(J8,'RESUMO DR'!$B$4:$E$253,4,FALSE),"-") -> - | S8: =IF(J8<>"",VLOOKUP(J8,'RESUMO DR'!$B$4:$E$253,3,FALSE),"-") -> -
A9: 1551 | B9: 45642 | C9: RE-017 | D9: =IF(B9="","-",TEXT(B9,"ddd")) -> seg | E9: =IF(K9<>"",VLOOKUP(K9,'Catálogo SAP'!$A$1:$F$245,2,FALSE),"-") -> 120 | F9: 8655 | G9: 8661 | I9: 300 | J9: =IF(AND(I9>=0.001,I9<=16),"AÇAILÂNDIA","")&IF(AND(I9>=16.001,I9<=44),"S.F. BREJÃO","")&IF(AND(I9>=44.001,I9<=78),"JOÃO LISBOA","")&IF(AND(I9>=78.001,I9<=96.397),"IMPERATRIZ","")&IF(AND(I9>=96.398,I9<=122.82),"EDSON LOBÃO","")&IF(AND(I9>=122.821,I9<=152.303),"RIBAMAR FIQUENE","")&IF(AND(I9>=152.304,I9<=172.403),"CAMPESTRE","")&IF(AND(I9>=172.404,I9<=195),"PORTO FRANCO","")&IF(AND(I9>=300,I9<=300),"SAO LUIS","")&IF(AND(I9>=385.4,I9<=465.4),"Palmeirante","")&IF(AND(I9>=465.401,I9<=520.455),"Tupiratins","")&IF(AND(I9>=520.456,I9<=536.741),"Guaraí","")&IF(AND(I9>=536.742,I9<=580.293),"Tupirama","")&IF(AND(I9>=580.294,I9<=608.637),"Rio dos Bois","")&IF(AND(I9>=608.638,I9<=698.981),"Miracema","")&IF(AND(I9>=698.982,I9<=735.6),"Porto Nacional","")&IF(AND(I9>=195.1,I9<=213.603),"ESTREITO","")&IF(AND(I9>=213.604,I9<=218.976),"AGUIARNÓPOLIS","")&IF(AND(I9>=218.977,I9<=253.5),"PALMEIRAS DO TOCANTINS","")&IF(AND(I9>=253.501,I9<=274.15),"DARCINÓPOLIS","")&IF(AND(I9>=274.151,I9<=299.999),"BABAÇULÂNDIA","")&IF(AND(I9>=356.62,I9<=385.4),"ARAGUAÍNA","")&IF(AND(I9>=300.001,I9<=356.619),"BABAÇULÂNDIA","")&IF(AND(I9>=900,I9<=902),"ENG. VLI","") -> SAO LUIS | K9: 120 | L9: =IF(K9<>"",VLOOKUP(K9,'Catálogo SAP'!A:F,3,FALSE),"") -> S.VP-01437 | M9: =IF(K9<>"",VLOOKUP(K9,'Catálogo SAP'!A:F,4,FALSE),"") -> Hr Produtiva Retroescavadeira C/Operador | N9: =IF(K9<>"",VLOOKUP(K9,'Catálogo SAP'!A:F,5,FALSE),"") -> H | O9: 6 | P9: =IF(G9="","-",G9-F9) -> 6 | Q9: =IF(K9="","-",N9*O9) -> #VALUE! | R9: =IF(J9<>"",VLOOKUP(J9,'RESUMO DR'!$B$4:$E$253,4,FALSE),"-") -> T-02 | S9: =IF(J9<>"",VLOOKUP(J9,'RESUMO DR'!$B$4:$E$253,3,FALSE),"-") -> ARAGUAINA
A10: 1551 | B10: 45642 | C10: RE-017 | D10: =IF(B10="","-",TEXT(B10,"ddd")) -> seg | E10: =IF(K10<>"",VLOOKUP(K10,'Catálogo SAP'!$A$1:$F$245,2,FALSE),"-") -> 130 | F10: 8661 | G10: 8661 | I10: 300 | J10: =IF(AND(I10>=0.001,I10<=16),"AÇAILÂNDIA","")&IF(AND(I10>=16.001,I10<=44),"S.F. BREJÃO","")&IF(AND(I10>=44.001,I10<=78),"JOÃO LISBOA","")&IF(AND(I10>=78.001,I10<=96.397),"IMPERATRIZ","")&IF(AND(I10>=96.398,I10<=122.82),"EDSON LOBÃO","")&IF(AND(I10>=122.821,I10<=152.303),"RIBAMAR FIQUENE","")&IF(AND(I10>=152.304,I10<=172.403),"CAMPESTRE","")&IF(AND(I10>=172.404,I10<=195),"PORTO FRANCO","")&IF(AND(I10>=300,I10<=300),"SAO LUIS","")&IF(AND(I10>=385.4,I10<=465.4),"Palmeirante","")&IF(AND(I10>=465.401,I10<=520.455),"Tupiratins","")&IF(AND(I10>=520.456,I10<=536.741),"Guaraí","")&IF(AND(I10>=536.742,I10<=580.293),"Tupirama","")&IF(AND(I10>=580.294,I10<=608.637),"Rio dos Bois","")&IF(AND(I10>=608.638,I10<=698.981),"Miracema","")&IF(AND(I10>=698.982,I10<=735.6),"Porto Nacional","")&IF(AND(I10>=195.1,I10<=213.603),"ESTREITO","")&IF(AND(I10>=213.604,I10<=218.976),"AGUIARNÓPOLIS","")&IF(AND(I10>=218.977,I10<=253.5),"PALMEIRAS DO TOCANTINS","")&IF(AND(I10>=253.501,I10<=274.15),"DARCINÓPOLIS","")&IF(AND(I10>=274.151,I10<=299.999),"BABAÇULÂNDIA","")&IF(AND(I10>=356.62,I10<=385.4),"ARAGUAÍNA","")&IF(AND(I10>=300.001,I10<=356.619),"BABAÇULÂNDIA","")&IF(AND(I10>=900,I10<=902),"ENG. VLI","") -> SAO LUIS | K10: 130 | L10: =IF(K10<>"",VLOOKUP(K10,'Catálogo SAP'!A:F,3,FALSE),"") -> S.VP-01438 | M10: =IF(K10<>"",VLOOKUP(K10,'Catálogo SAP'!A:F,4,FALSE),"") -> Hr Improdutiva Retroescavadeira C/Operador | N10: =IF(K10<>"",VLOOKUP(K10,'Catálogo SAP'!A:F,5,FALSE),"") -> H | O10: 3 | P10: =IF(G10="","-",G10-F10) -> 0 | Q10: =IF(K10="","-",N10*O10) -> #VALUE! | R10: =IF(J10<>"",VLOOKUP(J10,'RESUMO DR'!$B$4:$E$253,4,FALSE),"-") -> T-02 | S10: =IF(J10<>"",VLOOKUP(J10,'RESUMO DR'!$B$4:$E$253,3,FALSE),"-") -> ARAGUAINA
A11: 1785 | B11: 45642 | C11: RE-016 | D11: =IF(B11="","-",TEXT(B11,"ddd")) -> seg | E11: =IF(K11<>"",VLOOKUP(K11,'Catálogo SAP'!$A$1:$F$245,2,FALSE),"-") -> 120 | F11: 5783 | G11: 5792 | I11: 577 | J11: =IF(AND(I11>=0.001,I11<=16),"AÇAILÂNDIA","")&IF(AND(I11>=16.001,I11<=44),"S.F. BREJÃO","")&IF(AND(I11>=44.001,I11<=78),"JOÃO LISBOA","")&IF(AND(I11>=78.001,I11<=96.397),"IMPERATRIZ","")&IF(AND(I11>=96.398,I11<=122.82),"EDSON LOBÃO","")&IF(AND(I11>=122.821,I11<=152.303),"RIBAMAR FIQUENE","")&IF(AND(I11>=152.304,I11<=172.403),"CAMPESTRE","")&IF(AND(I11>=172.404,I11<=195),"PORTO FRANCO","")&IF(AND(I11>=300,I11<=300),"SAO LUIS","")&IF(AND(I11>=385.4,I11<=465.4),"Palmeirante","")&IF(AND(I11>=465.401,I11<=520.455),"Tupiratins","")&IF(AND(I11>=520.456,I11<=536.741),"Guaraí","")&IF(AND(I11>=536.742,I11<=580.293),"Tupirama","")&IF(AND(I11>=580.294,I11<=608.637),"Rio dos Bois","")&IF(AND(I11>=608.638,I11<=698.981),"Miracema","")&IF(AND(I11>=698.982,I11<=735.6),"Porto Nacional","")&IF(AND(I11>=195.1,I11<=213.603),"ESTREITO","")&IF(AND(I11>=213.604,I11<=218.976),"AGUIARNÓPOLIS","")&IF(AND(I11>=218.977,I11<=253.5),"PALMEIRAS DO TOCANTINS","")&IF(AND(I11>=253.501,I11<=274.15),"DARCINÓPOLIS","")&IF(AND(I11>=274.151,I11<=299.999),"BABAÇULÂNDIA","")&IF(AND(I11>=356.62,I11<=385.4),"ARAGUAÍNA","")&IF(AND(I11>=300.001,I11<=356.619),"BABAÇULÂNDIA","")&IF(AND(I11>=900,I11<=902),"ENG. VLI","") -> Tupirama | K11: 120 | L11: =IF(K11<>"",VLOOKUP(K11,'Catálogo SAP'!A:F,3,FALSE),"") -> S.VP-01437 | M11: =IF(K11<>"",VLOOKUP(K11,'Catálogo SAP'!A:F,4,FALSE),"") -> Hr Produtiva Retroescavadeira C/Operador | N11: =IF(K11<>"",VLOOKUP(K11,'Catálogo SAP'!A:F,5,FALSE),"") -> H | O11: 9 | P11: =IF(G11="","-",G11-F11) -> 9 | Q11: =IF(K11="","-",N11*O11) -> #VALUE! | R11: =IF(J11<>"",VLOOKUP(J11,'RESUMO DR'!$B$4:$E$253,4,FALSE),"-") -> T-03 | S11: =IF(J11<>"",VLOOKUP(J11,'RESUMO DR'!$B$4:$E$253,3,FALSE),"-") -> PALMAS
B12: 45642 | C12: CM-003 | D12: =IF(B12="","-",TEXT(B12,"ddd")) -> seg | E12: =IF(K12<>"",VLOOKUP(K12,'Catálogo SAP'!$A$1:$F$245,2,FALSE),"-") -> - | J12: =IF(AND(I12>=0.001,I12<=16),"AÇAILÂNDIA","")&IF(AND(I12>=16.001,I12<=44),"S.F. BREJÃO","")&IF(AND(I12>=44.001,I12<=78),"JOÃO LISBOA","")&IF(AND(I12>=78.001,I12<=96.397),"IMPERATRIZ","")&IF(AND(I12>=96.398,I12<=122.82),"EDSON LOBÃO","")&IF(AND(I12>=122.821,I12<=152.303),"RIBAMAR FIQUENE","")&IF(AND(I12>=152.304,I12<=172.403),"CAMPESTRE","")&IF(AND(I12>=172.404,I12<=195),"PORTO FRANCO","")&IF(AND(I12>=300,I12<=300),"SAO LUIS","")&IF(AND(I12>=385.4,I12<=465.4),"Palmeirante","")&IF(AND(I12>=465.401,I12<=520.455),"Tupiratins","")&IF(AND(I12>=520.456,I12<=536.741),"Guaraí","")&IF(AND(I12>=536.742,I12<=580.293),"Tupirama","")&IF(AND(I12>=580.294,I12<=608.637),"Rio dos Bois","")&IF(AND(I12>=608.638,I12<=698.981),"Miracema","")&IF(AND(I12>=698.982,I12<=735.6),"Porto Nacional","")&IF(AND(I12>=195.1,I12<=213.603),"ESTREITO","")&IF(AND(I12>=213.604,I12<=218.976),"AGUIARNÓPOLIS","")&IF(AND(I12>=218.977,I12<=253.5),"PALMEIRAS DO TOCANTINS","")&IF(AND(I12>=253.501,I12<=274.15),"DARCINÓPOLIS","")&IF(AND(I12>=274.151,I12<=299.999),"BABAÇULÂNDIA","")&IF(AND(I12>=356.62,I12<=385.4),"ARAGUAÍNA","")&IF(AND(I12>=300.001,I12<=356.619),"BABAÇULÂNDIA","")&IF(AND(I12>=900,I12<=902),"ENG. VLI","") | L12: =IF(K12<>"",VLOOKUP(K12,'Catálogo SAP'!A:F,3,FALSE),"") | M12: =IF(K12<>"",VLOOKUP(K12,'Catálogo SAP'!A:F,4,FALSE),"") | N12: =IF(K12<>"",VLOOKUP(K12,'Catálogo SAP'!A:F,5,FALSE),"") | P12: =IF(G12="","-",G12-F12) -> - | Q12: =IF(K12="","-",N12*O12) -> - | R12: =IF(J12<>"",VLOOKUP(J12,'RESUMO DR'!$B$4:$E$253,4,FALSE),"-") -> - | S12: =IF(J12<>"",VLOOKUP(J12,'RESUMO DR'!$B$4:$E$253,3,FALSE),"-") -> -
B13: 45642 | C13: CM-003 | D13: =IF(B13="","-",TEXT(B13,"ddd")) -> seg | E13: =IF(K13<>"",VLOOKUP(K13,'Catálogo SAP'!$A$1:$F$245,2,FALSE),"-") -> - | J13: =IF(AND(I13>=0.001,I13<=16),"AÇAILÂNDIA","")&IF(AND(I13>=16.001,I13<=44),"S.F. BREJÃO","")&IF(AND(I13>=44.001,I13<=78),"JOÃO LISBOA","")&IF(AND(I13>=78.001,I13<=96.397),"IMPERATRIZ","")&IF(AND(I13>=96.398,I13<=122.82),"EDSON LOBÃO","")&IF(AND(I13>=122.821,I13<=152.303),"RIBAMAR FIQUENE","")&IF(AND(I13>=152.304,I13<=172.403),"CAMPESTRE","")&IF(AND(I13>=172.404,I13<=195),"PORTO FRANCO","")&IF(AND(I13>=300,I13<=300),"SAO LUIS","")&IF(AND(I13>=385.4,I13<=465.4),"Palmeirante","")&IF(AND(I13>=465.401,I13<=520.455),"Tupiratins","")&IF(AND(I13>=520.456,I13<=536.741),"Guaraí","")&IF(AND(I13>=536.742,I13<=580.293),"Tupirama","")&IF(AND(I13>=580.294,I13<=608.637),"Rio dos Bois","")&IF(AND(I13>=608.638,I13<=698.981),"Miracema","")&IF(AND(I13>=698.982,I13<=735.6),"Porto Nacional","")&IF(AND(I13>=195.1,I13<=213.603),"ESTREITO","")&IF(AND(I13>=213.604,I13<=218.976),"AGUIARNÓPOLIS","")&IF(AND(I13>=218.977,I13<=253.5),"PALMEIRAS DO TOCANTINS","")&IF(AND(I13>=253.501,I13<=274.15),"DARCINÓPOLIS","")&IF(AND(I13>=274.151,I13<=299.999),"BABAÇULÂNDIA","")&IF(AND(I13>=356.62,I13<=385.4),"ARAGUAÍNA","")&IF(AND(I13>=300.001,I13<=356.619),"BABAÇULÂNDIA","")&IF(AND(I13>=900,I13<=902),"ENG. VLI","") | L13: =IF(K13<>"",VLOOKUP(K13,'Catálogo SAP'!A:F,3,FALSE),"") | M13: =IF(K13<>"",VLOOKUP(K13,'Catálogo SAP'!A:F,4,FALSE),"") | N13: =IF(K13<>"",VLOOKUP(K13,'Catálogo SAP'!A:F,5,FALSE),"") | P13: =IF(G13="","-",G13-F13) -> - | Q13: =IF(K13="","-",N13*O13) -> - | R13: =IF(J13<>"",VLOOKUP(J13,'RESUMO DR'!$B$4:$E$253,4,FALSE),"-") -> - | S13: =IF(J13<>"",VLOOKUP(J13,'RESUMO DR'!$B$4:$E$253,3,FALSE),"-") -> -
A14: 1781 | B14: 45642 | C14: EH-008 | D14: =IF(B14="","-",TEXT(B14,"ddd")) -> seg | E14: =IF(K14<>"",VLOOKUP(K14,'Catálogo SAP'!$A$1:$F$245,2,FALSE),"-") -> 520 | F14: 10507 | G14: 10515 | I14: 195 | J14: =IF(AND(I14>=0.001,I14<=16),"AÇAILÂNDIA","")&IF(AND(I14>=16.001,I14<=44),"S.F. BREJÃO","")&IF(AND(I14>=44.001,I14<=78),"JOÃO LISBOA","")&IF(AND(I14>=78.001,I14<=96.397),"IMPERATRIZ","")&IF(AND(I14>=96.398,I14<=122.82),"EDSON LOBÃO","")&IF(AND(I14>=122.821,I14<=152.303),"RIBAMAR FIQUENE","")&IF(AND(I14>=152.304,I14<=172.403),"CAMPESTRE","")&IF(AND(I14>=172.404,I14<=195),"PORTO FRANCO","")&IF(AND(I14>=300,I14<=300),"SAO LUIS","")&IF(AND(I14>=385.4,I14<=465.4),"Palmeirante","")&IF(AND(I14>=465.401,I14<=520.455),"Tupiratins","")&IF(AND(I14>=520.456,I14<=536.741),"Guaraí","")&IF(AND(I14>=536.742,I14<=580.293),"Tupirama","")&IF(AND(I14>=580.294,I14<=608.637),"Rio dos Bois","")&IF(AND(I14>=608.638,I14<=698.981),"Miracema","")&IF(AND(I14>=698.982,I14<=735.6),"Porto Nacional","")&IF(AND(I14>=195.1,I14<=213.603),"ESTREITO","")&IF(AND(I14>=213.604,I14<=218.976),"AGUIARNÓPOLIS","")&IF(AND(I14>=218.977,I14<=253.5),"PALMEIRAS DO TOCANTINS","")&IF(AND(I14>=253.501,I14<=274.15),"DARCINÓPOLIS","")&IF(AND(I14>=274.151,I14<=299.999),"BABAÇULÂNDIA","")&IF(AND(I14>=356.62,I14<=385.4),"ARAGUAÍNA","")&IF(AND(I14>=300.001,I14<=356.619),"BABAÇULÂNDIA","")&IF(AND(I14>=900,I14<=902),"ENG. VLI","") -> PORTO FRANCO | K14: 520 | L14: =IF(K14<>"",VLOOKUP(K14,'Catálogo SAP'!A:F,3,FALSE),"") -> S.VP-01469 | M14: =IF(K14<>"",VLOOKUP(K14,'Catálogo SAP'!A:F,4,FALSE),"") -> Hora Produtiva Escavadeira Hidraulica | N14: =IF(K14<>"",VLOOKUP(K14,'Catálogo SAP'!A:F,5,FALSE),"") -> H | O14: 8 | P14: =IF(G14="","-",G14-F14) -> 8 | Q14: =IF(K14="","-",N14*O14) -> #VALUE! | R14: =IF(J14<>"",VLOOKUP(J14,'RESUMO DR'!$B$4:$E$253,4,FALSE),"-") -> T-01 | S14: =IF(J14<>"",VLOOKUP(J14,'RESUMO DR'!$B$4:$E$253,3,FALSE),"-") -> IMPERATRIZ
A15: 1781 | B15: 45642 | C15: EH-008 | D15: =IF(B15="","-",TEXT(B15,"ddd")) -> seg | E15: =IF(K15<>"",VLOOKUP(K15,'Catálogo SAP'!$A$1:$F$245,2,FALSE),"-") -> 530 | F15: 10515 | G15: 10515 | I15: 195 | J15: =IF(AND(I15>=0.001,I15<=16),"AÇAILÂNDIA","")&IF(AND(I15>=16.001,I15<=44),"S.F. BREJÃO","")&IF(AND(I15>=44.001,I15<=78),"JOÃO LISBOA","")&IF(AND(I15>=78.001,I15<=96.397),"IMPERATRIZ","")&IF(AND(I15>=96.398,I15<=122.82),"EDSON LOBÃO","")&IF(AND(I15>=122.821,I15<=152.303),"RIBAMAR FIQUENE","")&IF(AND(I15>=152.304,I15<=172.403),"CAMPESTRE","")&IF(AND(I15>=172.404,I15<=195),"PORTO FRANCO","")&IF(AND(I15>=300,I15<=300),"SAO LUIS","")&IF(AND(I15>=385.4,I15<=465.4),"Palmeirante","")&IF(AND(I15>=465.401,I15<=520.455),"Tupiratins","")&IF(AND(I15>=520.456,I15<=536.741),"Guaraí","")&IF(AND(I15>=536.742,I15<=580.293),"Tupirama","")&IF(AND(I15>=580.294,I15<=608.637),"Rio dos Bois","")&IF(AND(I15>=608.638,I15<=698.981),"Miracema","")&IF(AND(I15>=698.982,I15<=735.6),"Porto Nacional","")&IF(AND(I15>=195.1,I15<=213.603),"ESTREITO","")&IF(AND(I15>=213.604,I15<=218.976),"AGUIARNÓPOLIS","")&IF(AND(I15>=218.977,I15<=253.5),"PALMEIRAS DO TOCANTINS","")&IF(AND(I15>=253.501,I15<=274.15),"DARCINÓPOLIS","")&IF(AND(I15>=274.151,I15<=299.999),"BABAÇULÂNDIA","")&IF(AND(I15>=356.62,I15<=385.4),"ARAGUAÍNA","")&IF(AND(I15>=300.001,I15<=356.619),"BABAÇULÂNDIA","")&IF(AND(I15>=900,I15<=902),"ENG. VLI","") -> PORTO FRANCO | K15: 530 | L15: =IF(K15<>"",VLOOKUP(K15,'Catálogo SAP'!A:F,3,FALSE),"") -> S.VP-01470 | M15: =IF(K15<>"",VLOOKUP(K15,'Catálogo SAP'!A:F,4,FALSE),"") -> Hora Improdutiva Escavadeira Hidraulica | N15: =IF(K15<>"",VLOOKUP(K15,'Catálogo SAP'!A:F,5,FALSE),"") -> H | O15: 1 | P15: =IF(G15="","-",G15-F15) -> 0 | Q15: =IF(K15="","-",N15*O15) -> #VALUE! | R15: =IF(J15<>"",VLOOKUP(J15,'RESUMO DR'!$B$4:$E$253,4,FALSE),"-") -> T-01 | S15: =IF(J15<>"",VLOOKUP(J15,'RESUMO DR'!$B$4:$E$253,3,FALSE),"-") -> IMPERATRIZ
A16: 1783 | B16: 45642 | C16: PC-006 | D16: =IF(B16="","-",TEXT(B16,"ddd")) -> seg | E16: =IF(K16<>"",VLOOKUP(K16,'Catálogo SAP'!$A$1:$F$245,2,FALSE),"-") -> 160 | F16: 486 | G16: 495 | I16: 126 | J16: =IF(AND(I16>=0.001,I16<=16),"AÇAILÂNDIA","")&IF(AND(I16>=16.001,I16<=44),"S.F. BREJÃO","")&IF(AND(I16>=44.001,I16<=78),"JOÃO LISBOA","")&IF(AND(I16>=78.001,I16<=96.397),"IMPERATRIZ","")&IF(AND(I16>=96.398,I16<=122.82),"EDSON LOBÃO","")&IF(AND(I16>=122.821,I16<=152.303),"RIBAMAR FIQUENE","")&IF(AND(I16>=152.304,I16<=172.403),"CAMPESTRE","")&IF(AND(I16>=172.404,I16<=195),"PORTO FRANCO","")&IF(AND(I16>=300,I16<=300),"SAO LUIS","")&IF(AND(I16>=385.4,I16<=465.4),"Palmeirante","")&IF(AND(I16>=465.401,I16<=520.455),"Tupiratins","")&IF(AND(I16>=520.456,I16<=536.741),"Guaraí","")&IF(AND(I16>=536.742,I16<=580.293),"Tupirama","")&IF(AND(I16>=580.294,I16<=608.637),"Rio dos Bois","")&IF(AND(I16>=608.638,I16<=698.981),"Miracema","")&IF(AND(I16>=698.982,I16<=735.6),"Porto Nacional","")&IF(AND(I16>=195.1,I16<=213.603),"ESTREITO","")&IF(AND(I16>=213.604,I16<=218.976),"AGUIARNÓPOLIS","")&IF(AND(I16>=218.977,I16<=253.5),"PALMEIRAS DO TOCANTINS","")&IF(AND(I16>=253.501,I16<=274.15),"DARCINÓPOLIS","")&IF(AND(I16>=274.151,I16<=299.999),"BABAÇULÂNDIA","")&IF(AND(I16>=356.62,I16<=385.4),"ARAGUAÍNA","")&IF(AND(I16>=300.001,I16<=356.619),"BABAÇULÂNDIA","")&IF(AND(I16>=900,I16<=902),"ENG. VLI","") -> RIBAMAR FIQUENE | K16: 160 | L16: =IF(K16<>"",VLOOKUP(K16,'Catálogo SAP'!A:F,3,FALSE),"") -> S.VP-01441 | M16: =IF(K16<>"",VLOOKUP(K16,'Catálogo SAP'!A:F,4,FALSE),"") -> Hora Produtiva Pa Carregadeira C/Operador | N16: =IF(K16<>"",VLOOKUP(K16,'Catálogo SAP'!A:F,5,FALSE),"") -> H | O16: 9 | P16: =IF(G16="","-",G16-F16) -> 9 | Q16: =IF(K16="","-",N16*O16) -> #VALUE! | R16: =IF(J16<>"",VLOOKUP(J16,'RESUMO DR'!$B$4:$E$253,4,FALSE),"-") -> T-01 | S16: =IF(J16<>"",VLOOKUP(J16,'RESUMO DR'!$B$4:$E$253,3,FALSE),"-") -> IMPERATRIZ
A17: 1779 | B17: 45642 | C17: CBL-052 | D17: =IF(B17="","-",TEXT(B17,"ddd")) -> seg | E17: =IF(K17<>"",VLOOKUP(K17,'Catálogo SAP'!$A$1:$F$245,2,FALSE),"-") -> 200 | F17: 63391 | G17: 63625 | I17: 163 | J17: =IF(AND(I17>=0.001,I17<=16),"AÇAILÂNDIA","")&IF(AND(I17>=16.001,I17<=44),"S.F. BREJÃO","")&IF(AND(I17>=44.001,I17<=78),"JOÃO LISBOA","")&IF(AND(I17>=78.001,I17<=96.397),"IMPERATRIZ","")&IF(AND(I17>=96.398,I17<=122.82),"EDSON LOBÃO","")&IF(AND(I17>=122.821,I17<=152.303),"RIBAMAR FIQUENE","")&IF(AND(I17>=152.304,I17<=172.403),"CAMPESTRE","")&IF(AND(I17>=172.404,I17<=195),"PORTO FRANCO","")&IF(AND(I17>=300,I17<=300),"SAO LUIS","")&IF(AND(I17>=385.4,I17<=465.4),"Palmeirante","")&IF(AND(I17>=465.401,I17<=520.455),"Tupiratins","")&IF(AND(I17>=520.456,I17<=536.741),"Guaraí","")&IF(AND(I17>=536.742,I17<=580.293),"Tupirama","")&IF(AND(I17>=580.294,I17<=608.637),"Rio dos Bois","")&IF(AND(I17>=608.638,I17<=698.981),"Miracema","")&IF(AND(I17>=698.982,I17<=735.6),"Porto Nacional","")&IF(AND(I17>=195.1,I17<=213.603),"ESTREITO","")&IF(AND(I17>=213.604,I17<=218.976),"AGUIARNÓPOLIS","")&IF(AND(I17>=218.977,I17<=253.5),"PALMEIRAS DO TOCANTINS","")&IF(AND(I17>=253.501,I17<=274.15),"DARCINÓPOLIS","")&IF(AND(I17>=274.151,I17<=299.999),"BABAÇULÂNDIA","")&IF(AND(I17>=356.62,I17<=385.4),"ARAGUAÍNA","")&IF(AND(I17>=300.001,I17<=356.619),"BABAÇULÂNDIA","")&IF(AND(I17>=900,I17<=902),"ENG. VLI","") -> CAMPESTRE | K17: 200 | L17: =IF(K17<>"",VLOOKUP(K17,'Catálogo SAP'!A:F,3,FALSE),"") -> S.VP-01445 | M17: =IF(K17<>"",VLOOKUP(K17,'Catálogo SAP'!A:F,4,FALSE),"") -> Km Rodado Caminhão Basculante - C/Motorista | N17: =IF(K17<>"",VLOOKUP(K17,'Catálogo SAP'!A:F,5,FALSE),"") -> KM | O17: 234 | P17: =IF(G17="","-",G17-F17) -> 234 | Q17: =IF(K17="","-",N17*O17) -> #VALUE! | R17: =IF(J17<>"",VLOOKUP(J17,'RESUMO DR'!$B$4:$E$253,4,FALSE),"-") -> T-01 | S17: =IF(J17<>"",VLOOKUP(J17,'RESUMO DR'!$B$4:$E$253,3,FALSE),"-") -> IMPERATRIZ
A18: 1779 | B18: 45642 | C18: CBL-051 | D18: =IF(B18="","-",TEXT(B18,"ddd")) -> seg | E18: =IF(K18<>"",VLOOKUP(K18,'Catálogo SAP'!$A$1:$F$245,2,FALSE),"-") -> 200 | F18: 59575 | G18: 59889 | I18: 163 | J18: =IF(AND(I18>=0.001,I18<=16),"AÇAILÂNDIA","")&IF(AND(I18>=16.001,I18<=44),"S.F. BREJÃO","")&IF(AND(I18>=44.001,I18<=78),"JOÃO LISBOA","")&IF(AND(I18>=78.001,I18<=96.397),"IMPERATRIZ","")&IF(AND(I18>=96.398,I18<=122.82),"EDSON LOBÃO","")&IF(AND(I18>=122.821,I18<=152.303),"RIBAMAR FIQUENE","")&IF(AND(I18>=152.304,I18<=172.403),"CAMPESTRE","")&IF(AND(I18>=172.404,I18<=195),"PORTO FRANCO","")&IF(AND(I18>=300,I18<=300),"SAO LUIS","")&IF(AND(I18>=385.4,I18<=465.4),"Palmeirante","")&IF(AND(I18>=465.401,I18<=520.455),"Tupiratins","")&IF(AND(I18>=520.456,I18<=536.741),"Guaraí","")&IF(AND(I18>=536.742,I18<=580.293),"Tupirama","")&IF(AND(I18>=580.294,I18<=608.637),"Rio dos Bois","")&IF(AND(I18>=608.638,I18<=698.981),"Miracema","")&IF(AND(I18>=698.982,I18<=735.6),"Porto Nacional","")&IF(AND(I18>=195.1,I18<=213.603),"ESTREITO","")&IF(AND(I18>=213.604,I18<=218.976),"AGUIARNÓPOLIS","")&IF(AND(I18>=218.977,I18<=253.5),"PALMEIRAS DO TOCANTINS","")&IF(AND(I18>=253.501,I18<=274.15),"DARCINÓPOLIS","")&IF(AND(I18>=274.151,I18<=299.999),"BABAÇULÂNDIA","")&IF(AND(I18>=356.62,I18<=385.4),"ARAGUAÍNA","")&IF(AND(I18>=300.001,I18<=356.619),"BABAÇULÂNDIA","")&IF(AND(I18>=900,I18<=902),"ENG. VLI","") -> CAMPESTRE | K18: 200 | L18: =IF(K18<>"",VLOOKUP(K18,'Catálogo SAP'!A:F,3,FALSE),"") -> S.VP-01445 | M18: =IF(K18<>"",VLOOKUP(K18,'Catálogo SAP'!A:F,4,FALSE),"") -> Km Rodado Caminhão Basculante - C/Motorista | N18: =IF(K18<>"",VLOOKUP(K18,'Catálogo SAP'!A:F,5,FALSE),"") -> KM | O18: 314 | P18: =IF(G18="","-",G18-F18) -> 314 | Q18: =IF(K18="","-",N18*O18) -> #VALUE! | R18: =IF(J18<>"",VLOOKUP(J18,'RESUMO DR'!$B$4:$E$253,4,FALSE),"-") -> T-01 | S18: =IF(J18<>"",VLOOKUP(J18,'RESUMO DR'!$B$4:$E$253,3,FALSE),"-") -> IMPERATRIZ
A19: 1789 | B19: 45642 | C19: CBL-003 | D19: =IF(B19="","-",TEXT(B19,"ddd")) -> seg | E19: =IF(K19<>"",VLOOKUP(K19,'Catálogo SAP'!$A$1:$F$245,2,FALSE),"-") -> 200 | F19: 47550 | G19: 47615 | I19: 442 | J19: =IF(AND(I19>=0.001,I19<=16),"AÇAILÂNDIA","")&IF(AND(I19>=16.001,I19<=44),"S.F. BREJÃO","")&IF(AND(I19>=44.001,I19<=78),"JOÃO LISBOA","")&IF(AND(I19>=78.001,I19<=96.397),"IMPERATRIZ","")&IF(AND(I19>=96.398,I19<=122.82),"EDSON LOBÃO","")&IF(AND(I19>=122.821,I19<=152.303),"RIBAMAR FIQUENE","")&IF(AND(I19>=152.304,I19<=172.403),"CAMPESTRE","")&IF(AND(I19>=172.404,I19<=195),"PORTO FRANCO","")&IF(AND(I19>=300,I19<=300),"SAO LUIS","")&IF(AND(I19>=385.4,I19<=465.4),"Palmeirante","")&IF(AND(I19>=465.401,I19<=520.455),"Tupiratins","")&IF(AND(I19>=520.456,I19<=536.741),"Guaraí","")&IF(AND(I19>=536.742,I19<=580.293),"Tupirama","")&IF(AND(I19>=580.294,I19<=608.637),"Rio dos Bois","")&IF(AND(I19>=608.638,I19<=698.981),"Miracema","")&IF(AND(I19>=698.982,I19<=735.6),"Porto Nacional","")&IF(AND(I19>=195.1,I19<=213.603),"ESTREITO","")&IF(AND(I19>=213.604,I19<=218.976),"AGUIARNÓPOLIS","")&IF(AND(I19>=218.977,I19<=253.5),"PALMEIRAS DO TOCANTINS","")&IF(AND(I19>=253.501,I19<=274.15),"DARCINÓPOLIS","")&IF(AND(I19>=274.151,I19<=299.999),"BABAÇULÂNDIA","")&IF(AND(I19>=356.62,I19<=385.4),"ARAGUAÍNA","")&IF(AND(I19>=300.001,I19<=356.619),"BABAÇULÂNDIA","")&IF(AND(I19>=900,I19<=902),"ENG. VLI","") -> Palmeirante | K19: 200 | L19: =IF(K19<>"",VLOOKUP(K19,'Catálogo SAP'!A:F,3,FALSE),"") -> S.VP-01445 | M19: =IF(K19<>"",VLOOKUP(K19,'Catálogo SAP'!A:F,4,FALSE),"") -> Km Rodado Caminhão Basculante - C/Motorista | N19: =IF(K19<>"",VLOOKUP(K19,'Catálogo SAP'!A:F,5,FALSE),"") -> KM | O19: 65 | P19: =IF(G19="","-",G19-F19) -> 65 | Q19: =IF(K19="","-",N19*O19) -> #VALUE! | R19: =IF(J19<>"",VLOOKUP(J19,'RESUMO DR'!$B$4:$E$253,4,FALSE),"-") -> T-02 | S19: =IF(J19<>"",VLOOKUP(J19,'RESUMO DR'!$B$4:$E$253,3,FALSE),"-") -> ARAGUAINA
A20: 1783 | B20: 45642 | C20: CBL-054 | D20: =IF(B20="","-",TEXT(B20,"ddd")) -> seg | E20: =IF(K20<>"",VLOOKUP(K20,'Catálogo SAP'!$A$1:$F$245,2,FALSE),"-") -> 200 | F20: 62596 | G20: 63020 | I20: 126 | J20: =IF(AND(I20>=0.001,I20<=16),"AÇAILÂNDIA","")&IF(AND(I20>=16.001,I20<=44),"S.F. BREJÃO","")&IF(AND(I20>=44.001,I20<=78),"JOÃO LISBOA","")&IF(AND(I20>=78.001,I20<=96.397),"IMPERATRIZ","")&IF(AND(I20>=96.398,I20<=122.82),"EDSON LOBÃO","")&IF(AND(I20>=122.821,I20<=152.303),"RIBAMAR FIQUENE","")&IF(AND(I20>=152.304,I20<=172.403),"CAMPESTRE","")&IF(AND(I20>=172.404,I20<=195),"PORTO FRANCO","")&IF(AND(I20>=300,I20<=300),"SAO LUIS","")&IF(AND(I20>=385.4,I20<=465.4),"Palmeirante","")&IF(AND(I20>=465.401,I20<=520.455),"Tupiratins","")&IF(AND(I20>=520.456,I20<=536.741),"Guaraí","")&IF(AND(I20>=536.742,I20<=580.293),"Tupirama","")&IF(AND(I20>=580.294,I20<=608.637),"Rio dos Bois","")&IF(AND(I20>=608.638,I20<=698.981),"Miracema","")&IF(AND(I20>=698.982,I20<=735.6),"Porto Nacional","")&IF(AND(I20>=195.1,I20<=213.603),"ESTREITO","")&IF(AND(I20>=213.604,I20<=218.976),"AGUIARNÓPOLIS","")&IF(AND(I20>=218.977,I20<=253.5),"PALMEIRAS DO TOCANTINS","")&IF(AND(I20>=253.501,I20<=274.15),"DARCINÓPOLIS","")&IF(AND(I20>=274.151,I20<=299.999),"BABAÇULÂNDIA","")&IF(AND(I20>=356.62,I20<=385.4),"ARAGUAÍNA","")&IF(AND(I20>=300.001,I20<=356.619),"BABAÇULÂNDIA","")&IF(AND(I20>=900,I20<=902),"ENG. VLI","") -> RIBAMAR FIQUENE | K20: 200 | L20: =IF(K20<>"",VLOOKUP(K20,'Catálogo SAP'!A:F,3,FALSE),"") -> S.VP-01445 | M20: =IF(K20<>"",VLOOKUP(K20,'Catálogo SAP'!A:F,4,FALSE),"") -> Km Rodado Caminhão Basculante - C/Motorista | N20: =IF(K20<>"",VLOOKUP(K20,'Catálogo SAP'!A:F,5,FALSE),"") -> KM | O20: 424 | P20: =IF(G20="","-",G20-F20) -> 424 | Q20: =IF(K20="","-",N20*O20) -> #VALUE! | R20: =IF(J20<>"",VLOOKUP(J20,'RESUMO DR'!$B$4:$E$253,4,FALSE),"-") -> T-01 | S20: =IF(J20<>"",VLOOKUP(J20,'RESUMO DR'!$B$4:$E$253,3,FALSE),"-") -> IMPERATRIZ
A21: 1783 | B21: 45642 | C21: CBL-055 | D21: =IF(B21="","-",TEXT(B21,"ddd")) -> seg | E21: =IF(K21<>"",VLOOKUP(K21,'Catálogo SAP'!$A$1:$F$245,2,FALSE),"-") -> 200 | F21: 62701 | G21: 63142 | I21: 126 | J21: =IF(AND(I21>=0.001,I21<=16),"AÇAILÂNDIA","")&IF(AND(I21>=16.001,I21<=44),"S.F. BREJÃO","")&IF(AND(I21>=44.001,I21<=78),"JOÃO LISBOA","")&IF(AND(I21>=78.001,I21<=96.397),"IMPERATRIZ","")&IF(AND(I21>=96.398,I21<=122.82),"EDSON LOBÃO","")&IF(AND(I21>=122.821,I21<=152.303),"RIBAMAR FIQUENE","")&IF(AND(I21>=152.304,I21<=172.403),"CAMPESTRE","")&IF(AND(I21>=172.404,I21<=195),"PORTO FRANCO","")&IF(AND(I21>=300,I21<=300),"SAO LUIS","")&IF(AND(I21>=385.4,I21<=465.4),"Palmeirante","")&IF(AND(I21>=465.401,I21<=520.455),"Tupiratins","")&IF(AND(I21>=520.456,I21<=536.741),"Guaraí","")&IF(AND(I21>=536.742,I21<=580.293),"Tupirama","")&IF(AND(I21>=580.294,I21<=608.637),"Rio dos Bois","")&IF(AND(I21>=608.638,I21<=698.981),"Miracema","")&IF(AND(I21>=698.982,I21<=735.6),"Porto Nacional","")&IF(AND(I21>=195.1,I21<=213.603),"ESTREITO","")&IF(AND(I21>=213.604,I21<=218.976),"AGUIARNÓPOLIS","")&IF(AND(I21>=218.977,I21<=253.5),"PALMEIRAS DO TOCANTINS","")&IF(AND(I21>=253.501,I21<=274.15),"DARCINÓPOLIS","")&IF(AND(I21>=274.151,I21<=299.999),"BABAÇULÂNDIA","")&IF(AND(I21>=356.62,I21<=385.4),"ARAGUAÍNA","")&IF(AND(I21>=300.001,I21<=356.619),"BABAÇULÂNDIA","")&IF(AND(I21>=900,I21<=902),"ENG. VLI","") -> RIBAMAR FIQUENE | K21: 200 | L21: =IF(K21<>"",VLOOKUP(K21,'Catálogo SAP'!A:F,3,FALSE),"") -> S.VP-01445 | M21: =IF(K21<>"",VLOOKUP(K21,'Catálogo SAP'!A:F,4,FALSE),"") -> Km Rodado Caminhão Basculante - C/Motorista | N21: =IF(K21<>"",VLOOKUP(K21,'Catálogo SAP'!A:F,5,FALSE),"") -> KM | O21: 441 | P21: =IF(G21="","-",G21-F21) -> 441 | Q21: =IF(K21="","-",N21*O21) -> #VALUE! | R21: =IF(J21<>"",VLOOKUP(J21,'RESUMO DR'!$B$4:$E$253,4,FALSE),"-") -> T-01 | S21: =IF(J21<>"",VLOOKUP(J21,'RESUMO DR'!$B$4:$E$253,3,FALSE),"-") -> IMPERATRIZ
A22: 1785 | B22: 45642 | C22: CBL-005 | D22: =IF(B22="","-",TEXT(B22,"ddd")) -> seg | E22: =IF(K22<>"",VLOOKUP(K22,'Catálogo SAP'!$A$1:$F$245,2,FALSE),"-") -> 200 | F22: 79882 | G22: 80027 | I22: 577 | J22: =IF(AND(I22>=0.001,I22<=16),"AÇAILÂNDIA","")&IF(AND(I22>=16.001,I22<=44),"S.F. BREJÃO","")&IF(AND(I22>=44.001,I22<=78),"JOÃO LISBOA","")&IF(AND(I22>=78.001,I22<=96.397),"IMPERATRIZ","")&IF(AND(I22>=96.398,I22<=122.82),"EDSON LOBÃO","")&IF(AND(I22>=122.821,I22<=152.303),"RIBAMAR FIQUENE","")&IF(AND(I22>=152.304,I22<=172.403),"CAMPESTRE","")&IF(AND(I22>=172.404,I22<=195),"PORTO FRANCO","")&IF(AND(I22>=300,I22<=300),"SAO LUIS","")&IF(AND(I22>=385.4,I22<=465.4),"Palmeirante","")&IF(AND(I22>=465.401,I22<=520.455),"Tupiratins","")&IF(AND(I22>=520.456,I22<=536.741),"Guaraí","")&IF(AND(I22>=536.742,I22<=580.293),"Tupirama","")&IF(AND(I22>=580.294,I22<=608.637),"Rio dos Bois","")&IF(AND(I22>=608.638,I22<=698.981),"Miracema","")&IF(AND(I22>=698.982,I22<=735.6),"Porto Nacional","")&IF(AND(I22>=195.1,I22<=213.603),"ESTREITO","")&IF(AND(I22>=213.604,I22<=218.976),"AGUIARNÓPOLIS","")&IF(AND(I22>=218.977,I22<=253.5),"PALMEIRAS DO TOCANTINS","")&IF(AND(I22>=253.501,I22<=274.15),"DARCINÓPOLIS","")&IF(AND(I22>=274.151,I22<=299.999),"BABAÇULÂNDIA","")&IF(AND(I22>=356.62,I22<=385.4),"ARAGUAÍNA","")&IF(AND(I22>=300.001,I22<=356.619),"BABAÇULÂNDIA","")&IF(AND(I22>=900,I22<=902),"ENG. VLI","") -> Tupirama | K22: 200 | L22: =IF(K22<>"",VLOOKUP(K22,'Catálogo SAP'!A:F,3,FALSE),"") -> S.VP-01445 | M22: =IF(K22<>"",VLOOKUP(K22,'Catálogo SAP'!A:F,4,FALSE),"") -> Km Rodado Caminhão Basculante - C/Motorista | N22: =IF(K22<>"",VLOOKUP(K22,'Catálogo SAP'!A:F,5,FALSE),"") -> KM | O22: 145 | P22: =IF(G22="","-",G22-F22) -> 145 | Q22: =IF(K22="","-",N22*O22) -> #VALUE! | R22: =IF(J22<>"",VLOOKUP(J22,'RESUMO DR'!$B$4:$E$253,4,FALSE),"-") -> T-03 | S22: =IF(J22<>"",VLOOKUP(J22,'RESUMO DR'!$B$4:$E$253,3,FALSE),"-") -> PALMAS
A23: 1783 | B23: 45642 | C23: PCL-002 | D23: =IF(B23="","-",TEXT(B23,"ddd")) -> seg | E23: =IF(K23<>"",VLOOKUP(K23,'Catálogo SAP'!$A$1:$F$245,2,FALSE),"-") -> 170 | F23: 1335 | G23: 1335 | I23: 142 | J23: =IF(AND(I23>=0.001,I23<=16),"AÇAILÂNDIA","")&IF(AND(I23>=16.001,I23<=44),"S.F. BREJÃO","")&IF(AND(I23>=44.001,I23<=78),"JOÃO LISBOA","")&IF(AND(I23>=78.001,I23<=96.397),"IMPERATRIZ","")&IF(AND(I23>=96.398,I23<=122.82),"EDSON LOBÃO","")&IF(AND(I23>=122.821,I23<=152.303),"RIBAMAR FIQUENE","")&IF(AND(I23>=152.304,I23<=172.403),"CAMPESTRE","")&IF(AND(I23>=172.404,I23<=195),"PORTO FRANCO","")&IF(AND(I23>=300,I23<=300),"SAO LUIS","")&IF(AND(I23>=385.4,I23<=465.4),"Palmeirante","")&IF(AND(I23>=465.401,I23<=520.455),"Tupiratins","")&IF(AND(I23>=520.456,I23<=536.741),"Guaraí","")&IF(AND(I23>=536.742,I23<=580.293),"Tupirama","")&IF(AND(I23>=580.294,I23<=608.637),"Rio dos Bois","")&IF(AND(I23>=608.638,I23<=698.981),"Miracema","")&IF(AND(I23>=698.982,I23<=735.6),"Porto Nacional","")&IF(AND(I23>=195.1,I23<=213.603),"ESTREITO","")&IF(AND(I23>=213.604,I23<=218.976),"AGUIARNÓPOLIS","")&IF(AND(I23>=218.977,I23<=253.5),"PALMEIRAS DO TOCANTINS","")&IF(AND(I23>=253.501,I23<=274.15),"DARCINÓPOLIS","")&IF(AND(I23>=274.151,I23<=299.999),"BABAÇULÂNDIA","")&IF(AND(I23>=356.62,I23<=385.4),"ARAGUAÍNA","")&IF(AND(I23>=300.001,I23<=356.619),"BABAÇULÂNDIA","")&IF(AND(I23>=900,I23<=902),"ENG. VLI","") -> RIBAMAR FIQUENE | K23: 170 | L23: =IF(K23<>"",VLOOKUP(K23,'Catálogo SAP'!A:F,3,FALSE),"") -> S.VP-01442 | M23: =IF(K23<>"",VLOOKUP(K23,'Catálogo SAP'!A:F,4,FALSE),"") -> Hora Improdutiva Pa Carregadeira C/Operador | N23: =IF(K23<>"",VLOOKUP(K23,'Catálogo SAP'!A:F,5,FALSE),"") -> H | O23: 9 | P23: =IF(G23="","-",G23-F23) -> 0 | Q23: =IF(K23="","-",N23*O23) -> #VALUE! | R23: =IF(J23<>"",VLOOKUP(J23,'RESUMO DR'!$B$4:$E$253,4,FALSE),"-") -> T-01 | S23: =IF(J23<>"",VLOOKUP(J23,'RESUMO DR'!$B$4:$E$253,3,FALSE),"-") -> IMPERATRIZ
B24: 45642 | C24: PCL-002 | D24: =IF(B24="","-",TEXT(B24,"ddd")) -> seg | E24: =IF(K24<>"",VLOOKUP(K24,'Catálogo SAP'!$A$1:$F$245,2,FALSE),"-") -> - | J24: =IF(AND(I24>=0.001,I24<=16),"AÇAILÂNDIA","")&IF(AND(I24>=16.001,I24<=44),"S.F. BREJÃO","")&IF(AND(I24>=44.001,I24<=78),"JOÃO LISBOA","")&IF(AND(I24>=78.001,I24<=96.397),"IMPERATRIZ","")&IF(AND(I24>=96.398,I24<=122.82),"EDSON LOBÃO","")&IF(AND(I24>=122.821,I24<=152.303),"RIBAMAR FIQUENE","")&IF(AND(I24>=152.304,I24<=172.403),"CAMPESTRE","")&IF(AND(I24>=172.404,I24<=195),"PORTO FRANCO","")&IF(AND(I24>=300,I24<=300),"SAO LUIS","")&IF(AND(I24>=385.4,I24<=465.4),"Palmeirante","")&IF(AND(I24>=465.401,I24<=520.455),"Tupiratins","")&IF(AND(I24>=520.456,I24<=536.741),"Guaraí","")&IF(AND(I24>=536.742,I24<=580.293),"Tupirama","")&IF(AND(I24>=580.294,I24<=608.637),"Rio dos Bois","")&IF(AND(I24>=608.638,I24<=698.981),"Miracema","")&IF(AND(I24>=698.982,I24<=735.6),"Porto Nacional","")&IF(AND(I24>=195.1,I24<=213.603),"ESTREITO","")&IF(AND(I24>=213.604,I24<=218.976),"AGUIARNÓPOLIS","")&IF(AND(I24>=218.977,I24<=253.5),"PALMEIRAS DO TOCANTINS","")&IF(AND(I24>=253.501,I24<=274.15),"DARCINÓPOLIS","")&IF(AND(I24>=274.151,I24<=299.999),"BABAÇULÂNDIA","")&IF(AND(I24>=356.62,I24<=385.4),"ARAGUAÍNA","")&IF(AND(I24>=300.001,I24<=356.619),"BABAÇULÂNDIA","")&IF(AND(I24>=900,I24<=902),"ENG. VLI","") | L24: =IF(K24<>"",VLOOKUP(K24,'Catálogo SAP'!A:F,3,FALSE),"") | M24: =IF(K24<>"",VLOOKUP(K24,'Catálogo SAP'!A:F,4,FALSE),"") | N24: =IF(K24<>"",VLOOKUP(K24,'Catálogo SAP'!A:F,5,FALSE),"") | P24: =IF(G24="","-",G24-F24) -> - | Q24: =IF(K24="","-",N24*O24) -> - | R24: =IF(J24<>"",VLOOKUP(J24,'RESUMO DR'!$B$4:$E$253,4,FALSE),"-") -> - | S24: =IF(J24<>"",VLOOKUP(J24,'RESUMO DR'!$B$4:$E$253,3,FALSE),"-") -> -
A25: 1784 | B25: 45642 | C25: PC-007 | D25: =IF(B25="","-",TEXT(B25,"ddd")) -> seg | E25: =IF(K25<>"",VLOOKUP(K25,'Catálogo SAP'!$A$1:$F$245,2,FALSE),"-") -> 160 | F25: 116 | G25: 118 | I25: 563 | J25: =IF(AND(I25>=0.001,I25<=16),"AÇAILÂNDIA","")&IF(AND(I25>=16.001,I25<=44),"S.F. BREJÃO","")&IF(AND(I25>=44.001,I25<=78),"JOÃO LISBOA","")&IF(AND(I25>=78.001,I25<=96.397),"IMPERATRIZ","")&IF(AND(I25>=96.398,I25<=122.82),"EDSON LOBÃO","")&IF(AND(I25>=122.821,I25<=152.303),"RIBAMAR FIQUENE","")&IF(AND(I25>=152.304,I25<=172.403),"CAMPESTRE","")&IF(AND(I25>=172.404,I25<=195),"PORTO FRANCO","")&IF(AND(I25>=300,I25<=300),"SAO LUIS","")&IF(AND(I25>=385.4,I25<=465.4),"Palmeirante","")&IF(AND(I25>=465.401,I25<=520.455),"Tupiratins","")&IF(AND(I25>=520.456,I25<=536.741),"Guaraí","")&IF(AND(I25>=536.742,I25<=580.293),"Tupirama","")&IF(AND(I25>=580.294,I25<=608.637),"Rio dos Bois","")&IF(AND(I25>=608.638,I25<=698.981),"Miracema","")&IF(AND(I25>=698.982,I25<=735.6),"Porto Nacional","")&IF(AND(I25>=195.1,I25<=213.603),"ESTREITO","")&IF(AND(I25>=213.604,I25<=218.976),"AGUIARNÓPOLIS","")&IF(AND(I25>=218.977,I25<=253.5),"PALMEIRAS DO TOCANTINS","")&IF(AND(I25>=253.501,I25<=274.15),"DARCINÓPOLIS","")&IF(AND(I25>=274.151,I25<=299.999),"BABAÇULÂNDIA","")&IF(AND(I25>=356.62,I25<=385.4),"ARAGUAÍNA","")&IF(AND(I25>=300.001,I25<=356.619),"BABAÇULÂNDIA","")&IF(AND(I25>=900,I25<=902),"ENG. VLI","") -> Tupirama | K25: 160 | L25: =IF(K25<>"",VLOOKUP(K25,'Catálogo SAP'!A:F,3,FALSE),"") -> S.VP-01441 | M25: =IF(K25<>"",VLOOKUP(K25,'Catálogo SAP'!A:F,4,FALSE),"") -> Hora Produtiva Pa Carregadeira C/Operador | N25: =IF(K25<>"",VLOOKUP(K25,'Catálogo SAP'!A:F,5,FALSE),"") -> H | O25: 2 | P25: =IF(G25="","-",G25-F25) -> 2 | Q25: =IF(K25="","-",N25*O25) -> #VALUE! | R25: =IF(J25<>"",VLOOKUP(J25,'RESUMO DR'!$B$4:$E$253,4,FALSE),"-") -> T-03 | S25: =IF(J25<>"",VLOOKUP(J25,'RESUMO DR'!$B$4:$E$253,3,FALSE),"-") -> PALMAS
A26: 1784 | B26: 45642 | C26: PC-007 | D26: =IF(B26="","-",TEXT(B26,"ddd")) -> seg | E26: =IF(K26<>"",VLOOKUP(K26,'Catálogo SAP'!$A$1:$F$245,2,FALSE),"-") -> 170 | F26: 118 | G26: 118 | I26: 563 | J26: =IF(AND(I26>=0.001,I26<=16),"AÇAILÂNDIA","")&IF(AND(I26>=16.001,I26<=44),"S.F. BREJÃO","")&IF(AND(I26>=44.001,I26<=78),"JOÃO LISBOA","")&IF(AND(I26>=78.001,I26<=96.397),"IMPERATRIZ","")&IF(AND(I26>=96.398,I26<=122.82),"EDSON LOBÃO","")&IF(AND(I26>=122.821,I26<=152.303),"RIBAMAR FIQUENE","")&IF(AND(I26>=152.304,I26<=172.403),"CAMPESTRE","")&IF(AND(I26>=172.404,I26<=195),"PORTO FRANCO","")&IF(AND(I26>=300,I26<=300),"SAO LUIS","")&IF(AND(I26>=385.4,I26<=465.4),"Palmeirante","")&IF(AND(I26>=465.401,I26<=520.455),"Tupiratins","")&IF(AND(I26>=520.456,I26<=536.741),"Guaraí","")&IF(AND(I26>=536.742,I26<=580.293),"Tupirama","")&IF(AND(I26>=580.294,I26<=608.637),"Rio dos Bois","")&IF(AND(I26>=608.638,I26<=698.981),"Miracema","")&IF(AND(I26>=698.982,I26<=735.6),"Porto Nacional","")&IF(AND(I26>=195.1,I26<=213.603),"ESTREITO","")&IF(AND(I26>=213.604,I26<=218.976),"AGUIARNÓPOLIS","")&IF(AND(I26>=218.977,I26<=253.5),"PALMEIRAS DO TOCANTINS","")&IF(AND(I26>=253.501,I26<=274.15),"DARCINÓPOLIS","")&IF(AND(I26>=274.151,I26<=299.999),"BABAÇULÂNDIA","")&IF(AND(I26>=356.62,I26<=385.4),"ARAGUAÍNA","")&IF(AND(I26>=300.001,I26<=356.619),"BABAÇULÂNDIA","")&IF(AND(I26>=900,I26<=902),"ENG. VLI","") -> Tupirama | K26: 170 | L26: =IF(K26<>"",VLOOKUP(K26,'Catálogo SAP'!A:F,3,FALSE),"") -> S.VP-01442 | M26: =IF(K26<>"",VLOOKUP(K26,'Catálogo SAP'!A:F,4,FALSE),"") -> Hora Improdutiva Pa Carregadeira C/Operador | N26: =IF(K26<>"",VLOOKUP(K26,'Catálogo SAP'!A:F,5,FALSE),"") -> H | O26: 7 | P26: =IF(G26="","-",G26-F26) -> 0 | Q26: =IF(K26="","-",N26*O26) -> #VALUE! | R26: =IF(J26<>"",VLOOKUP(J26,'RESUMO DR'!$B$4:$E$253,4,FALSE),"-") -> T-03 | S26: =IF(J26<>"",VLOOKUP(J26,'RESUMO DR'!$B$4:$E$253,3,FALSE),"-") -> PALMAS
A27: 1782 | B27: 45642 | C27: MEL-01 | D27: =IF(B27="","-",TEXT(B27,"ddd")) -> seg | E27: =IF(K27<>"",VLOOKUP(K27,'Catálogo SAP'!$A$1:$F$245,2,FALSE),"-") -> 480 | F27: 3349 | G27: 3353 | I27: 20 | J27: =IF(AND(I27>=0.001,I27<=16),"AÇAILÂNDIA","")&IF(AND(I27>=16.001,I27<=44),"S.F. BREJÃO","")&IF(AND(I27>=44.001,I27<=78),"JOÃO LISBOA","")&IF(AND(I27>=78.001,I27<=96.397),"IMPERATRIZ","")&IF(AND(I27>=96.398,I27<=122.82),"EDSON LOBÃO","")&IF(AND(I27>=122.821,I27<=152.303),"RIBAMAR FIQUENE","")&IF(AND(I27>=152.304,I27<=172.403),"CAMPESTRE","")&IF(AND(I27>=172.404,I27<=195),"PORTO FRANCO","")&IF(AND(I27>=300,I27<=300),"SAO LUIS","")&IF(AND(I27>=385.4,I27<=465.4),"Palmeirante","")&IF(AND(I27>=465.401,I27<=520.455),"Tupiratins","")&IF(AND(I27>=520.456,I27<=536.741),"Guaraí","")&IF(AND(I27>=536.742,I27<=580.293),"Tupirama","")&IF(AND(I27>=580.294,I27<=608.637),"Rio dos Bois","")&IF(AND(I27>=608.638,I27<=698.981),"Miracema","")&IF(AND(I27>=698.982,I27<=735.6),"Porto Nacional","")&IF(AND(I27>=195.1,I27<=213.603),"ESTREITO","")&IF(AND(I27>=213.604,I27<=218.976),"AGUIARNÓPOLIS","")&IF(AND(I27>=218.977,I27<=253.5),"PALMEIRAS DO TOCANTINS","")&IF(AND(I27>=253.501,I27<=274.15),"DARCINÓPOLIS","")&IF(AND(I27>=274.151,I27<=299.999),"BABAÇULÂNDIA","")&IF(AND(I27>=356.62,I27<=385.4),"ARAGUAÍNA","")&IF(AND(I27>=300.001,I27<=356.619),"BABAÇULÂNDIA","")&IF(AND(I27>=900,I27<=902),"ENG. VLI","") -> S.F. BREJÃO | K27: 480 | L27: =IF(K27<>"",VLOOKUP(K27,'Catálogo SAP'!A:F,3,FALSE),"") -> S.VP-01465 | M27: =IF(K27<>"",VLOOKUP(K27,'Catálogo SAP'!A:F,4,FALSE),"") -> Hora Produtiva Miniescavadeira Hidraulica C/ Operador | N27: =IF(K27<>"",VLOOKUP(K27,'Catálogo SAP'!A:F,5,FALSE),"") -> H | O27: 4 | P27: =IF(G27="","-",G27-F27) -> 4 | Q27: =IF(K27="","-",N27*O27) -> #VALUE! | R27: =IF(J27<>"",VLOOKUP(J27,'RESUMO DR'!$B$4:$E$253,4,FALSE),"-") -> T-01 | S27: =IF(J27<>"",VLOOKUP(J27,'RESUMO DR'!$B$4:$E$253,3,FALSE),"-") -> IMPERATRIZ
A28: 1782 | B28: 45642 | C28: MEL-01 | D28: =IF(B28="","-",TEXT(B28,"ddd")) -> seg | E28: =IF(K28<>"",VLOOKUP(K28,'Catálogo SAP'!$A$1:$F$245,2,FALSE),"-") -> 490 | F28: 3353 | G28: 3353 | I28: 20 | J28: =IF(AND(I28>=0.001,I28<=16),"AÇAILÂNDIA","")&IF(AND(I28>=16.001,I28<=44),"S.F. BREJÃO","")&IF(AND(I28>=44.001,I28<=78),"JOÃO LISBOA","")&IF(AND(I28>=78.001,I28<=96.397),"IMPERATRIZ","")&IF(AND(I28>=96.398,I28<=122.82),"EDSON LOBÃO","")&IF(AND(I28>=122.821,I28<=152.303),"RIBAMAR FIQUENE","")&IF(AND(I28>=152.304,I28<=172.403),"CAMPESTRE","")&IF(AND(I28>=172.404,I28<=195),"PORTO FRANCO","")&IF(AND(I28>=300,I28<=300),"SAO LUIS","")&IF(AND(I28>=385.4,I28<=465.4),"Palmeirante","")&IF(AND(I28>=465.401,I28<=520.455),"Tupiratins","")&IF(AND(I28>=520.456,I28<=536.741),"Guaraí","")&IF(AND(I28>=536.742,I28<=580.293),"Tupirama","")&IF(AND(I28>=580.294,I28<=608.637),"Rio dos Bois","")&IF(AND(I28>=608.638,I28<=698.981),"Miracema","")&IF(AND(I28>=698.982,I28<=735.6),"Porto Nacional","")&IF(AND(I28>=195.1,I28<=213.603),"ESTREITO","")&IF(AND(I28>=213.604,I28<=218.976),"AGUIARNÓPOLIS","")&IF(AND(I28>=218.977,I28<=253.5),"PALMEIRAS DO TOCANTINS","")&IF(AND(I28>=253.501,I28<=274.15),"DARCINÓPOLIS","")&IF(AND(I28>=274.151,I28<=299.999),"BABAÇULÂNDIA","")&IF(AND(I28>=356.62,I28<=385.4),"ARAGUAÍNA","")&IF(AND(I28>=300.001,I28<=356.619),"BABAÇULÂNDIA","")&IF(AND(I28>=900,I28<=902),"ENG. VLI","") -> S.F. BREJÃO | K28: 490 | L28: =IF(K28<>"",VLOOKUP(K28,'Catálogo SAP'!A:F,3,FALSE),"") -> S.VP-01466 | M28: =IF(K28<>"",VLOOKUP(K28,'Catálogo SAP'!A:F,4,FALSE),"") -> Hora Improdutiva Miniescavadeira Hidraulica C/ Operador | N28: =IF(K28<>"",VLOOKUP(K28,'Catálogo SAP'!A:F,5,FALSE),"") -> H | O28: 5 | P28: =IF(G28="","-",G28-F28) -> 0 | Q28: =IF(K28="","-",N28*O28) -> #VALUE! | R28: =IF(J28<>"",VLOOKUP(J28,'RESUMO DR'!$B$4:$E$253,4,FALSE),"-") -> T-01 | S28: =IF(J28<>"",VLOOKUP(J28,'RESUMO DR'!$B$4:$E$253,3,FALSE),"-") -> IMPERATRIZ
A29: 1789 | B29: 45642 | C29: MN-006 | D29: =IF(B29="","-",TEXT(B29,"ddd")) -> seg | E29: =IF(K29<>"",VLOOKUP(K29,'Catálogo SAP'!$A$1:$F$245,2,FALSE),"-") -> 280 | F29: 151 | G29: 160 | I29: 442 | J29: =IF(AND(I29>=0.001,I29<=16),"AÇAILÂNDIA","")&IF(AND(I29>=16.001,I29<=44),"S.F. BREJÃO","")&IF(AND(I29>=44.001,I29<=78),"JOÃO LISBOA","")&IF(AND(I29>=78.001,I29<=96.397),"IMPERATRIZ","")&IF(AND(I29>=96.398,I29<=122.82),"EDSON LOBÃO","")&IF(AND(I29>=122.821,I29<=152.303),"RIBAMAR FIQUENE","")&IF(AND(I29>=152.304,I29<=172.403),"CAMPESTRE","")&IF(AND(I29>=172.404,I29<=195),"PORTO FRANCO","")&IF(AND(I29>=300,I29<=300),"SAO LUIS","")&IF(AND(I29>=385.4,I29<=465.4),"Palmeirante","")&IF(AND(I29>=465.401,I29<=520.455),"Tupiratins","")&IF(AND(I29>=520.456,I29<=536.741),"Guaraí","")&IF(AND(I29>=536.742,I29<=580.293),"Tupirama","")&IF(AND(I29>=580.294,I29<=608.637),"Rio dos Bois","")&IF(AND(I29>=608.638,I29<=698.981),"Miracema","")&IF(AND(I29>=698.982,I29<=735.6),"Porto Nacional","")&IF(AND(I29>=195.1,I29<=213.603),"ESTREITO","")&IF(AND(I29>=213.604,I29<=218.976),"AGUIARNÓPOLIS","")&IF(AND(I29>=218.977,I29<=253.5),"PALMEIRAS DO TOCANTINS","")&IF(AND(I29>=253.501,I29<=274.15),"DARCINÓPOLIS","")&IF(AND(I29>=274.151,I29<=299.999),"BABAÇULÂNDIA","")&IF(AND(I29>=356.62,I29<=385.4),"ARAGUAÍNA","")&IF(AND(I29>=300.001,I29<=356.619),"BABAÇULÂNDIA","")&IF(AND(I29>=900,I29<=902),"ENG. VLI","") -> Palmeirante | K29: 280 | L29: =IF(K29<>"",VLOOKUP(K29,'Catálogo SAP'!A:F,3,FALSE),"") -> S.VP-01453 | M29: =IF(K29<>"",VLOOKUP(K29,'Catálogo SAP'!A:F,4,FALSE),"") -> Hora Produtiva Motoniveladora C/Operador | N29: =IF(K29<>"",VLOOKUP(K29,'Catálogo SAP'!A:F,5,FALSE),"") -> H | O29: 9 | P29: =IF(G29="","-",G29-F29) -> 9 | Q29: =IF(K29="","-",N29*O29) -> #VALUE! | R29: =IF(J29<>"",VLOOKUP(J29,'RESUMO DR'!$B$4:$E$253,4,FALSE),"-") -> T-02 | S29: =IF(J29<>"",VLOOKUP(J29,'RESUMO DR'!$B$4:$E$253,3,FALSE),"-") -> ARAGUAINA
A30: 1785 | B30: 45642 | C30: MN-07 | D30: =IF(B30="","-",TEXT(B30,"ddd")) -> seg | E30: =IF(K30<>"",VLOOKUP(K30,'Catálogo SAP'!$A$1:$F$245,2,FALSE),"-") -> 280 | F30: 239 | G30: 248 | I30: 577 | J30: =IF(AND(I30>=0.001,I30<=16),"AÇAILÂNDIA","")&IF(AND(I30>=16.001,I30<=44),"S.F. BREJÃO","")&IF(AND(I30>=44.001,I30<=78),"JOÃO LISBOA","")&IF(AND(I30>=78.001,I30<=96.397),"IMPERATRIZ","")&IF(AND(I30>=96.398,I30<=122.82),"EDSON LOBÃO","")&IF(AND(I30>=122.821,I30<=152.303),"RIBAMAR FIQUENE","")&IF(AND(I30>=152.304,I30<=172.403),"CAMPESTRE","")&IF(AND(I30>=172.404,I30<=195),"PORTO FRANCO","")&IF(AND(I30>=300,I30<=300),"SAO LUIS","")&IF(AND(I30>=385.4,I30<=465.4),"Palmeirante","")&IF(AND(I30>=465.401,I30<=520.455),"Tupiratins","")&IF(AND(I30>=520.456,I30<=536.741),"Guaraí","")&IF(AND(I30>=536.742,I30<=580.293),"Tupirama","")&IF(AND(I30>=580.294,I30<=608.637),"Rio dos Bois","")&IF(AND(I30>=608.638,I30<=698.981),"Miracema","")&IF(AND(I30>=698.982,I30<=735.6),"Porto Nacional","")&IF(AND(I30>=195.1,I30<=213.603),"ESTREITO","")&IF(AND(I30>=213.604,I30<=218.976),"AGUIARNÓPOLIS","")&IF(AND(I30>=218.977,I30<=253.5),"PALMEIRAS DO TOCANTINS","")&IF(AND(I30>=253.501,I30<=274.15),"DARCINÓPOLIS","")&IF(AND(I30>=274.151,I30<=299.999),"BABAÇULÂNDIA","")&IF(AND(I30>=356.62,I30<=385.4),"ARAGUAÍNA","")&IF(AND(I30>=300.001,I30<=356.619),"BABAÇULÂNDIA","")&IF(AND(I30>=900,I30<=902),"ENG. VLI","") -> Tupirama | K30: 280 | L30: =IF(K30<>"",VLOOKUP(K30,'Catálogo SAP'!A:F,3,FALSE),"") -> S.VP-01453 | M30: =IF(K30<>"",VLOOKUP(K30,'Catálogo SAP'!A:F,4,FALSE),"") -> Hora Produtiva Motoniveladora C/Operador | N30: =IF(K30<>"",VLOOKUP(K30,'Catálogo SAP'!A:F,5,FALSE),"") -> H | O30: 9 | P30: =IF(G30="","-",G30-F30) -> 9 | Q30: =IF(K30="","-",N30*O30) -> #VALUE! | R30: =IF(J30<>"",VLOOKUP(J30,'RESUMO DR'!$B$4:$E$253,4,FALSE),"-") -> T-03 | S30: =IF(J30<>"",VLOOKUP(J30,'RESUMO DR'!$B$4:$E$253,3,FALSE),"-") -> PALMAS
B31: 45642 | C31: MN-07 | D31: =IF(B31="","-",TEXT(B31,"ddd")) -> seg | E31: =IF(K31<>"",VLOOKUP(K31,'Catálogo SAP'!$A$1:$F$245,2,FALSE),"-") -> - | J31: =IF(AND(I31>=0.001,I31<=16),"AÇAILÂNDIA","")&IF(AND(I31>=16.001,I31<=44),"S.F. BREJÃO","")&IF(AND(I31>=44.001,I31<=78),"JOÃO LISBOA","")&IF(AND(I31>=78.001,I31<=96.397),"IMPERATRIZ","")&IF(AND(I31>=96.398,I31<=122.82),"EDSON LOBÃO","")&IF(AND(I31>=122.821,I31<=152.303),"RIBAMAR FIQUENE","")&IF(AND(I31>=152.304,I31<=172.403),"CAMPESTRE","")&IF(AND(I31>=172.404,I31<=195),"PORTO FRANCO","")&IF(AND(I31>=300,I31<=300),"SAO LUIS","")&IF(AND(I31>=385.4,I31<=465.4),"Palmeirante","")&IF(AND(I31>=465.401,I31<=520.455),"Tupiratins","")&IF(AND(I31>=520.456,I31<=536.741),"Guaraí","")&IF(AND(I31>=536.742,I31<=580.293),"Tupirama","")&IF(AND(I31>=580.294,I31<=608.637),"Rio dos Bois","")&IF(AND(I31>=608.638,I31<=698.981),"Miracema","")&IF(AND(I31>=698.982,I31<=735.6),"Porto Nacional","")&IF(AND(I31>=195.1,I31<=213.603),"ESTREITO","")&IF(AND(I31>=213.604,I31<=218.976),"AGUIARNÓPOLIS","")&IF(AND(I31>=218.977,I31<=253.5),"PALMEIRAS DO TOCANTINS","")&IF(AND(I31>=253.501,I31<=274.15),"DARCINÓPOLIS","")&IF(AND(I31>=274.151,I31<=299.999),"BABAÇULÂNDIA","")&IF(AND(I31>=356.62,I31<=385.4),"ARAGUAÍNA","")&IF(AND(I31>=300.001,I31<=356.619),"BABAÇULÂNDIA","")&IF(AND(I31>=900,I31<=902),"ENG. VLI","") | L31: =IF(K31<>"",VLOOKUP(K31,'Catálogo SAP'!A:F,3,FALSE),"") | M31: =IF(K31<>"",VLOOKUP(K31,'Catálogo SAP'!A:F,4,FALSE),"") | N31: =IF(K31<>"",VLOOKUP(K31,'Catálogo SAP'!A:F,5,FALSE),"") | P31: =IF(G31="","-",G31-F31) -> - | Q31: =IF(K31="","-",N31*O31) -> - | R31: =IF(J31<>"",VLOOKUP(J31,'RESUMO DR'!$B$4:$E$253,4,FALSE),"-") -> - | S31: =IF(J31<>"",VLOOKUP(J31,'RESUMO DR'!$B$4:$E$253,3,FALSE),"-") -> -
A32: 1789 | B32: 45642 | C32: REL-03 | D32: =IF(B32="","-",TEXT(B32,"ddd")) -> seg | E32: =IF(K32<>"",VLOOKUP(K32,'Catálogo SAP'!$A$1:$F$245,2,FALSE),"-") -> 120 | F32: 1093 | G32: 1100 | I32: 442 | J32: =IF(AND(I32>=0.001,I32<=16),"AÇAILÂNDIA","")&IF(AND(I32>=16.001,I32<=44),"S.F. BREJÃO","")&IF(AND(I32>=44.001,I32<=78),"JOÃO LISBOA","")&IF(AND(I32>=78.001,I32<=96.397),"IMPERATRIZ","")&IF(AND(I32>=96.398,I32<=122.82),"EDSON LOBÃO","")&IF(AND(I32>=122.821,I32<=152.303),"RIBAMAR FIQUENE","")&IF(AND(I32>=152.304,I32<=172.403),"CAMPESTRE","")&IF(AND(I32>=172.404,I32<=195),"PORTO FRANCO","")&IF(AND(I32>=300,I32<=300),"SAO LUIS","")&IF(AND(I32>=385.4,I32<=465.4),"Palmeirante","")&IF(AND(I32>=465.401,I32<=520.455),"Tupiratins","")&IF(AND(I32>=520.456,I32<=536.741),"Guaraí","")&IF(AND(I32>=536.742,I32<=580.293),"Tupirama","")&IF(AND(I32>=580.294,I32<=608.637),"Rio dos Bois","")&IF(AND(I32>=608.638,I32<=698.981),"Miracema","")&IF(AND(I32>=698.982,I32<=735.6),"Porto Nacional","")&IF(AND(I32>=195.1,I32<=213.603),"ESTREITO","")&IF(AND(I32>=213.604,I32<=218.976),"AGUIARNÓPOLIS","")&IF(AND(I32>=218.977,I32<=253.5),"PALMEIRAS DO TOCANTINS","")&IF(AND(I32>=253.501,I32<=274.15),"DARCINÓPOLIS","")&IF(AND(I32>=274.151,I32<=299.999),"BABAÇULÂNDIA","")&IF(AND(I32>=356.62,I32<=385.4),"ARAGUAÍNA","")&IF(AND(I32>=300.001,I32<=356.619),"BABAÇULÂNDIA","")&IF(AND(I32>=900,I32<=902),"ENG. VLI","") -> Palmeirante | K32: 120 | L32: =IF(K32<>"",VLOOKUP(K32,'Catálogo SAP'!A:F,3,FALSE),"") -> S.VP-01437 | M32: =IF(K32<>"",VLOOKUP(K32,'Catálogo SAP'!A:F,4,FALSE),"") -> Hr Produtiva Retroescavadeira C/Operador | N32: =IF(K32<>"",VLOOKUP(K32,'Catálogo SAP'!A:F,5,FALSE),"") -> H | O32: 7 | P32: =IF(G32="","-",G32-F32) -> 7 | Q32: =IF(K32="","-",N32*O32) -> #VALUE! | R32: =IF(J32<>"",VLOOKUP(J32,'RESUMO DR'!$B$4:$E$253,4,FALSE),"-") -> T-02 | S32: =IF(J32<>"",VLOOKUP(J32,'RESUMO DR'!$B$4:$E$253,3,FALSE),"-") -> ARAGUAINA
B33: 45642 | C33: REL-03 | D33: =IF(B33="","-",TEXT(B33,"ddd")) -> seg | E33: =IF(K33<>"",VLOOKUP(K33,'Catálogo SAP'!$A$1:$F$245,2,FALSE),"-") -> - | J33: =IF(AND(I33>=0.001,I33<=16),"AÇAILÂNDIA","")&IF(AND(I33>=16.001,I33<=44),"S.F. BREJÃO","")&IF(AND(I33>=44.001,I33<=78),"JOÃO LISBOA","")&IF(AND(I33>=78.001,I33<=96.397),"IMPERATRIZ","")&IF(AND(I33>=96.398,I33<=122.82),"EDSON LOBÃO","")&IF(AND(I33>=122.821,I33<=152.303),"RIBAMAR FIQUENE","")&IF(AND(I33>=152.304,I33<=172.403),"CAMPESTRE","")&IF(AND(I33>=172.404,I33<=195),"PORTO FRANCO","")&IF(AND(I33>=300,I33<=300),"SAO LUIS","")&IF(AND(I33>=385.4,I33<=465.4),"Palmeirante","")&IF(AND(I33>=465.401,I33<=520.455),"Tupiratins","")&IF(AND(I33>=520.456,I33<=536.741),"Guaraí","")&IF(AND(I33>=536.742,I33<=580.293),"Tupirama","")&IF(AND(I33>=580.294,I33<=608.637),"Rio dos Bois","")&IF(AND(I33>=608.638,I33<=698.981),"Miracema","")&IF(AND(I33>=698.982,I33<=735.6),"Porto Nacional","")&IF(AND(I33>=195.1,I33<=213.603),"ESTREITO","")&IF(AND(I33>=213.604,I33<=218.976),"AGUIARNÓPOLIS","")&IF(AND(I33>=218.977,I33<=253.5),"PALMEIRAS DO TOCANTINS","")&IF(AND(I33>=253.501,I33<=274.15),"DARCINÓPOLIS","")&IF(AND(I33>=274.151,I33<=299.999),"BABAÇULÂNDIA","")&IF(AND(I33>=356.62,I33<=385.4),"ARAGUAÍNA","")&IF(AND(I33>=300.001,I33<=356.619),"BABAÇULÂNDIA","")&IF(AND(I33>=900,I33<=902),"ENG. VLI","") | L33: =IF(K33<>"",VLOOKUP(K33,'Catálogo SAP'!A:F,3,FALSE),"") | M33: =IF(K33<>"",VLOOKUP(K33,'Catálogo SAP'!A:F,4,FALSE),"") | N33: =IF(K33<>"",VLOOKUP(K33,'Catálogo SAP'!A:F,5,FALSE),"") | P33: =IF(G33="","-",G33-F33) -> - | Q33: =IF(K33="","-",N33*O33) -> - | R33: =IF(J33<>"",VLOOKUP(J33,'RESUMO DR'!$B$4:$E$253,4,FALSE),"-") -> - | S33: =IF(J33<>"",VLOOKUP(J33,'RESUMO DR'!$B$4:$E$253,3,FALSE),"-") -> -
A34: 1787 | B34: 45642 | C34: CBL-053 | D34: =IF(B34="","-",TEXT(B34,"ddd")) -> seg | E34: =IF(K34<>"",VLOOKUP(K34,'Catálogo SAP'!$A$1:$F$245,2,FALSE),"-") -> 200 | F34: 68379 | G34: 68664 | I34: 326 | J34: =IF(AND(I34>=0.001,I34<=16),"AÇAILÂNDIA","")&IF(AND(I34>=16.001,I34<=44),"S.F. BREJÃO","")&IF(AND(I34>=44.001,I34<=78),"JOÃO LISBOA","")&IF(AND(I34>=78.001,I34<=96.397),"IMPERATRIZ","")&IF(AND(I34>=96.398,I34<=122.82),"EDSON LOBÃO","")&IF(AND(I34>=122.821,I34<=152.303),"RIBAMAR FIQUENE","")&IF(AND(I34>=152.304,I34<=172.403),"CAMPESTRE","")&IF(AND(I34>=172.404,I34<=195),"PORTO FRANCO","")&IF(AND(I34>=300,I34<=300),"SAO LUIS","")&IF(AND(I34>=385.4,I34<=465.4),"Palmeirante","")&IF(AND(I34>=465.401,I34<=520.455),"Tupiratins","")&IF(AND(I34>=520.456,I34<=536.741),"Guaraí","")&IF(AND(I34>=536.742,I34<=580.293),"Tupirama","")&IF(AND(I34>=580.294,I34<=608.637),"Rio dos Bois","")&IF(AND(I34>=608.638,I34<=698.981),"Miracema","")&IF(AND(I34>=698.982,I34<=735.6),"Porto Nacional","")&IF(AND(I34>=195.1,I34<=213.603),"ESTREITO","")&IF(AND(I34>=213.604,I34<=218.976),"AGUIARNÓPOLIS","")&IF(AND(I34>=218.977,I34<=253.5),"PALMEIRAS DO TOCANTINS","")&IF(AND(I34>=253.501,I34<=274.15),"DARCINÓPOLIS","")&IF(AND(I34>=274.151,I34<=299.999),"BABAÇULÂNDIA","")&IF(AND(I34>=356.62,I34<=385.4),"ARAGUAÍNA","")&IF(AND(I34>=300.001,I34<=356.619),"BABAÇULÂNDIA","")&IF(AND(I34>=900,I34<=902),"ENG. VLI","") -> BABAÇULÂNDIA | K34: 200 | L34: =IF(K34<>"",VLOOKUP(K34,'Catálogo SAP'!A:F,3,FALSE),"") -> S.VP-01445 | M34: =IF(K34<>"",VLOOKUP(K34,'Catálogo SAP'!A:F,4,FALSE),"") -> Km Rodado Caminhão Basculante - C/Motorista | N34: =IF(K34<>"",VLOOKUP(K34,'Catálogo SAP'!A:F,5,FALSE),"") -> KM | O34: 285 | P34: =IF(G34="","-",G34-F34) -> 285 | Q34: =IF(K34="","-",N34*O34) -> #VALUE! | R34: =IF(J34<>"",VLOOKUP(J34,'RESUMO DR'!$B$4:$E$253,4,FALSE),"-") -> T-02 | S34: =IF(J34<>"",VLOOKUP(J34,'RESUMO DR'!$B$4:$E$253,3,FALSE),"-") -> ARAGUAINA
B35: 45642 | C35: CTL-002 | D35: =IF(B35="","-",TEXT(B35,"ddd")) -> seg | E35: =IF(K35<>"",VLOOKUP(K35,'Catálogo SAP'!$A$1:$F$245,2,FALSE),"-") -> - | J35: =IF(AND(I35>=0.001,I35<=16),"AÇAILÂNDIA","")&IF(AND(I35>=16.001,I35<=44),"S.F. BREJÃO","")&IF(AND(I35>=44.001,I35<=78),"JOÃO LISBOA","")&IF(AND(I35>=78.001,I35<=96.397),"IMPERATRIZ","")&IF(AND(I35>=96.398,I35<=122.82),"EDSON LOBÃO","")&IF(AND(I35>=122.821,I35<=152.303),"RIBAMAR FIQUENE","")&IF(AND(I35>=152.304,I35<=172.403),"CAMPESTRE","")&IF(AND(I35>=172.404,I35<=195),"PORTO FRANCO","")&IF(AND(I35>=300,I35<=300),"SAO LUIS","")&IF(AND(I35>=385.4,I35<=465.4),"Palmeirante","")&IF(AND(I35>=465.401,I35<=520.455),"Tupiratins","")&IF(AND(I35>=520.456,I35<=536.741),"Guaraí","")&IF(AND(I35>=536.742,I35<=580.293),"Tupirama","")&IF(AND(I35>=580.294,I35<=608.637),"Rio dos Bois","")&IF(AND(I35>=608.638,I35<=698.981),"Miracema","")&IF(AND(I35>=698.982,I35<=735.6),"Porto Nacional","")&IF(AND(I35>=195.1,I35<=213.603),"ESTREITO","")&IF(AND(I35>=213.604,I35<=218.976),"AGUIARNÓPOLIS","")&IF(AND(I35>=218.977,I35<=253.5),"PALMEIRAS DO TOCANTINS","")&IF(AND(I35>=253.501,I35<=274.15),"DARCINÓPOLIS","")&IF(AND(I35>=274.151,I35<=299.999),"BABAÇULÂNDIA","")&IF(AND(I35>=356.62,I35<=385.4),"ARAGUAÍNA","")&IF(AND(I35>=300.001,I35<=356.619),"BABAÇULÂNDIA","")&IF(AND(I35>=900,I35<=902),"ENG. VLI","") | L35: =IF(K35<>"",VLOOKUP(K35,'Catálogo SAP'!A:F,3,FALSE),"") | M35: =IF(K35<>"",VLOOKUP(K35,'Catálogo SAP'!A:F,4,FALSE),"") | N35: =IF(K35<>"",VLOOKUP(K35,'Catálogo SAP'!A:F,5,FALSE),"") | P35: =IF(G35="","-",G35-F35) -> - | Q35: =IF(K35="","-",N35*O35) -> - | R35: =IF(J35<>"",VLOOKUP(J35,'RESUMO DR'!$B$4:$E$253,4,FALSE),"-") -> - | S35: =IF(J35<>"",VLOOKUP(J35,'RESUMO DR'!$B$4:$E$253,3,FALSE),"-") -> -
D36: =IF(B36="","-",TEXT(B36,"ddd")) -> - | E36: =IF(K36<>"",VLOOKUP(K36,'Catálogo SAP'!$A$1:$F$245,2,FALSE),"-") -> - | J36: =IF(AND(I36>=0.001,I36<=16),"AÇAILÂNDIA","")&IF(AND(I36>=16.001,I36<=44),"S.F. BREJÃO","")&IF(AND(I36>=44.001,I36<=78),"JOÃO LISBOA","")&IF(AND(I36>=78.001,I36<=96.397),"IMPERATRIZ","")&IF(AND(I36>=96.398,I36<=122.82),"EDSON LOBÃO","")&IF(AND(I36>=122.821,I36<=152.303),"RIBAMAR FIQUENE","")&IF(AND(I36>=152.304,I36<=172.403),"CAMPESTRE","")&IF(AND(I36>=172.404,I36<=195),"PORTO FRANCO","")&IF(AND(I36>=300,I36<=300),"SAO LUIS","")&IF(AND(I36>=385.4,I36<=465.4),"Palmeirante","")&IF(AND(I36>=465.401,I36<=520.455),"Tupiratins","")&IF(AND(I36>=520.456,I36<=536.741),"Guaraí","")&IF(AND(I36>=536.742,I36<=580.293),"Tupirama","")&IF(AND(I36>=580.294,I36<=608.637),"Rio dos Bois","")&IF(AND(I36>=608.638,I36<=698.981),"Miracema","")&IF(AND(I36>=698.982,I36<=735.6),"Porto Nacional","")&IF(AND(I36>=195.1,I36<=213.603),"ESTREITO","")&IF(AND(I36>=213.604,I36<=218.976),"AGUIARNÓPOLIS","")&IF(AND(I36>=218.977,I36<=253.5),"PALMEIRAS DO TOCANTINS","")&IF(AND(I36>=253.501,I36<=274.15),"DARCINÓPOLIS","")&IF(AND(I36>=274.151,I36<=299.999),"BABAÇULÂNDIA","")&IF(AND(I36>=356.62,I36<=385.4),"ARAGUAÍNA","")&IF(AND(I36>=300.001,I36<=356.619),"BABAÇULÂNDIA","")&IF(AND(I36>=900,I36<=902),"ENG. VLI","") | L36: =IF(K36<>"",VLOOKUP(K36,'Catálogo SAP'!A:F,3,FALSE),"") | M36: =IF(K36<>"",VLOOKUP(K36,'Catálogo SAP'!A:F,4,FALSE),"") | N36: =IF(K36<>"",VLOOKUP(K36,'Catálogo SAP'!A:F,5,FALSE),"") | P36: =IF(G36="","-",G36-F36) -> - | Q36: =IF(K36="","-",N36*O36) -> - | R36: =IF(J36<>"",VLOOKUP(J36,'RESUMO DR'!$B$4:$E$253,4,FALSE),"-") -> - | S36: =IF(J36<>"",VLOOKUP(J36,'RESUMO DR'!$B$4:$E$253,3,FALSE),"-") -> -
D37: =IF(B37="","-",TEXT(B37,"ddd")) -> - | E37: =IF(K37<>"",VLOOKUP(K37,'Catálogo SAP'!$A$1:$F$245,2,FALSE),"-") -> - | J37: =IF(AND(I37>=0.001,I37<=16),"AÇAILÂNDIA","")&IF(AND(I37>=16.001,I37<=44),"S.F. BREJÃO","")&IF(AND(I37>=44.001,I37<=78),"JOÃO LISBOA","")&IF(AND(I37>=78.001,I37<=96.397),"IMPERATRIZ","")&IF(AND(I37>=96.398,I37<=122.82),"EDSON LOBÃO","")&IF(AND(I37>=122.821,I37<=152.303),"RIBAMAR FIQUENE","")&IF(AND(I37>=152.304,I37<=172.403),"CAMPESTRE","")&IF(AND(I37>=172.404,I37<=195),"PORTO FRANCO","")&IF(AND(I37>=300,I37<=300),"SAO LUIS","")&IF(AND(I37>=385.4,I37<=465.4),"Palmeirante","")&IF(AND(I37>=465.401,I37<=520.455),"Tupiratins","")&IF(AND(I37>=520.456,I37<=536.741),"Guaraí","")&IF(AND(I37>=536.742,I37<=580.293),"Tupirama","")&IF(AND(I37>=580.294,I37<=608.637),"Rio dos Bois","")&IF(AND(I37>=608.638,I37<=698.981),"Miracema","")&IF(AND(I37>=698.982,I37<=735.6),"Porto Nacional","")&IF(AND(I37>=195.1,I37<=213.603),"ESTREITO","")&IF(AND(I37>=213.604,I37<=218.976),"AGUIARNÓPOLIS","")&IF(AND(I37>=218.977,I37<=253.5),"PALMEIRAS DO TOCANTINS","")&IF(AND(I37>=253.501,I37<=274.15),"DARCINÓPOLIS","")&IF(AND(I37>=274.151,I37<=299.999),"BABAÇULÂNDIA","")&IF(AND(I37>=356.62,I37<=385.4),"ARAGUAÍNA","")&IF(AND(I37>=300.001,I37<=356.619),"BABAÇULÂNDIA","")&IF(AND(I37>=900,I37<=902),"ENG. VLI","") | L37: =IF(K37<>"",VLOOKUP(K37,'Catálogo SAP'!A:F,3,FALSE),"") | M37: =IF(K37<>"",VLOOKUP(K37,'Catálogo SAP'!A:F,4,FALSE),"") | N37: =IF(K37<>"",VLOOKUP(K37,'Catálogo SAP'!A:F,5,FALSE),"") | P37: =IF(G37="","-",G37-F37) -> - | Q37: =IF(K37="","-",N37*O37) -> - | R37: =IF(J37<>"",VLOOKUP(J37,'RESUMO DR'!$B$4:$E$253,4,FALSE),"-") -> - | S37: =IF(J37<>"",VLOOKUP(J37,'RESUMO DR'!$B$4:$E$253,3,FALSE),"-") -> -
B38: 45643 | C38: RE-016 | D38: =IF(B38="","-",TEXT(B38,"ddd")) -> ter | E38: =IF(K38<>"",VLOOKUP(K38,'Catálogo SAP'!$A$1:$F$245,2,FALSE),"-") -> - | J38: =IF(AND(I38>=0.001,I38<=16),"AÇAILÂNDIA","")&IF(AND(I38>=16.001,I38<=44),"S.F. BREJÃO","")&IF(AND(I38>=44.001,I38<=78),"JOÃO LISBOA","")&IF(AND(I38>=78.001,I38<=96.397),"IMPERATRIZ","")&IF(AND(I38>=96.398,I38<=122.82),"EDSON LOBÃO","")&IF(AND(I38>=122.821,I38<=152.303),"RIBAMAR FIQUENE","")&IF(AND(I38>=152.304,I38<=172.403),"CAMPESTRE","")&IF(AND(I38>=172.404,I38<=195),"PORTO FRANCO","")&IF(AND(I38>=300,I38<=300),"SAO LUIS","")&IF(AND(I38>=385.4,I38<=465.4),"Palmeirante","")&IF(AND(I38>=465.401,I38<=520.455),"Tupiratins","")&IF(AND(I38>=520.456,I38<=536.741),"Guaraí","")&IF(AND(I38>=536.742,I38<=580.293),"Tupirama","")&IF(AND(I38>=580.294,I38<=608.637),"Rio dos Bois","")&IF(AND(I38>=608.638,I38<=698.981),"Miracema","")&IF(AND(I38>=698.982,I38<=735.6),"Porto Nacional","")&IF(AND(I38>=195.1,I38<=213.603),"ESTREITO","")&IF(AND(I38>=213.604,I38<=218.976),"AGUIARNÓPOLIS","")&IF(AND(I38>=218.977,I38<=253.5),"PALMEIRAS DO TOCANTINS","")&IF(AND(I38>=253.501,I38<=274.15),"DARCINÓPOLIS","")&IF(AND(I38>=274.151,I38<=299.999),"BABAÇULÂNDIA","")&IF(AND(I38>=356.62,I38<=385.4),"ARAGUAÍNA","")&IF(AND(I38>=300.001,I38<=356.619),"BABAÇULÂNDIA","")&IF(AND(I38>=900,I38<=902),"ENG. VLI","") | L38: =IF(K38<>"",VLOOKUP(K38,'Catálogo SAP'!A:F,3,FALSE),"") | M38: =IF(K38<>"",VLOOKUP(K38,'Catálogo SAP'!A:F,4,FALSE),"") | N38: =IF(K38<>"",VLOOKUP(K38,'Catálogo SAP'!A:F,5,FALSE),"") | P38: =IF(G38="","-",G38-F38) -> - | Q38: =IF(K38="","-",N38*O38) -> - | R38: =IF(J38<>"",VLOOKUP(J38,'RESUMO DR'!$B$4:$E$253,4,FALSE),"-") -> - | S38: =IF(J38<>"",VLOOKUP(J38,'RESUMO DR'!$B$4:$E$253,3,FALSE),"-") -> -
B39: 45643 | C39: RE-016 | D39: =IF(B39="","-",TEXT(B39,"ddd")) -> ter | E39: =IF(K39<>"",VLOOKUP(K39,'Catálogo SAP'!$A$1:$F$245,2,FALSE),"-") -> - | J39: =IF(AND(I39>=0.001,I39<=16),"AÇAILÂNDIA","")&IF(AND(I39>=16.001,I39<=44),"S.F. BREJÃO","")&IF(AND(I39>=44.001,I39<=78),"JOÃO LISBOA","")&IF(AND(I39>=78.001,I39<=96.397),"IMPERATRIZ","")&IF(AND(I39>=96.398,I39<=122.82),"EDSON LOBÃO","")&IF(AND(I39>=122.821,I39<=152.303),"RIBAMAR FIQUENE","")&IF(AND(I39>=152.304,I39<=172.403),"CAMPESTRE","")&IF(AND(I39>=172.404,I39<=195),"PORTO FRANCO","")&IF(AND(I39>=300,I39<=300),"SAO LUIS","")&IF(AND(I39>=385.4,I39<=465.4),"Palmeirante","")&IF(AND(I39>=465.401,I39<=520.455),"Tupiratins","")&IF(AND(I39>=520.456,I39<=536.741),"Guaraí","")&IF(AND(I39>=536.742,I39<=580.293),"Tupirama","")&IF(AND(I39>=580.294,I39<=608.637),"Rio dos Bois","")&IF(AND(I39>=608.638,I39<=698.981),"Miracema","")&IF(AND(I39>=698.982,I39<=735.6),"Porto Nacional","")&IF(AND(I39>=195.1,I39<=213.603),"ESTREITO","")&IF(AND(I39>=213.604,I39<=218.976),"AGUIARNÓPOLIS","")&IF(AND(I39>=218.977,I39<=253.5),"PALMEIRAS DO TOCANTINS","")&IF(AND(I39>=253.501,I39<=274.15),"DARCINÓPOLIS","")&IF(AND(I39>=274.151,I39<=299.999),"BABAÇULÂNDIA","")&IF(AND(I39>=356.62,I39<=385.4),"ARAGUAÍNA","")&IF(AND(I39>=300.001,I39<=356.619),"BABAÇULÂNDIA","")&IF(AND(I39>=900,I39<=902),"ENG. VLI","") | L39: =IF(K39<>"",VLOOKUP(K39,'Catálogo SAP'!A:F,3,FALSE),"") | M39: =IF(K39<>"",VLOOKUP(K39,'Catálogo SAP'!A:F,4,FALSE),"") | N39: =IF(K39<>"",VLOOKUP(K39,'Catálogo SAP'!A:F,5,FALSE),"") | P39: =IF(G39="","-",G39-F39) -> - | Q39: =IF(K39="","-",N39*O39) -> - | R39: =IF(J39<>"",VLOOKUP(J39,'RESUMO DR'!$B$4:$E$253,4,FALSE),"-") -> - | S39: =IF(J39<>"",VLOOKUP(J39,'RESUMO DR'!$B$4:$E$253,3,FALSE),"-") -> -
A40: 1553 | B40: 45643 | C40: RE-017 | D40: =IF(B40="","-",TEXT(B40,"ddd")) -> ter | E40: =IF(K40<>"",VLOOKUP(K40,'Catálogo SAP'!$A$1:$F$245,2,FALSE),"-") -> 120 | F40: 8661 | G40: 8666 | I40: 300 | J40: =IF(AND(I40>=0.001,I40<=16),"AÇAILÂNDIA","")&IF(AND(I40>=16.001,I40<=44),"S.F. BREJÃO","")&IF(AND(I40>=44.001,I40<=78),"JOÃO LISBOA","")&IF(AND(I40>=78.001,I40<=96.397),"IMPERATRIZ","")&IF(AND(I40>=96.398,I40<=122.82),"EDSON LOBÃO","")&IF(AND(I40>=122.821,I40<=152.303),"RIBAMAR FIQUENE","")&IF(AND(I40>=152.304,I40<=172.403),"CAMPESTRE","")&IF(AND(I40>=172.404,I40<=195),"PORTO FRANCO","")&IF(AND(I40>=300,I40<=300),"SAO LUIS","")&IF(AND(I40>=385.4,I40<=465.4),"Palmeirante","")&IF(AND(I40>=465.401,I40<=520.455),"Tupiratins","")&IF(AND(I40>=520.456,I40<=536.741),"Guaraí","")&IF(AND(I40>=536.742,I40<=580.293),"Tupirama","")&IF(AND(I40>=580.294,I40<=608.637),"Rio dos Bois","")&IF(AND(I40>=608.638,I40<=698.981),"Miracema","")&IF(AND(I40>=698.982,I40<=735.6),"Porto Nacional","")&IF(AND(I40>=195.1,I40<=213.603),"ESTREITO","")&IF(AND(I40>=213.604,I40<=218.976),"AGUIARNÓPOLIS","")&IF(AND(I40>=218.977,I40<=253.5),"PALMEIRAS DO TOCANTINS","")&IF(AND(I40>=253.501,I40<=274.15),"DARCINÓPOLIS","")&IF(AND(I40>=274.151,I40<=299.999),"BABAÇULÂNDIA","")&IF(AND(I40>=356.62,I40<=385.4),"ARAGUAÍNA","")&IF(AND(I40>=300.001,I40<=356.619),"BABAÇULÂNDIA","")&IF(AND(I40>=900,I40<=902),"ENG. VLI","") -> SAO LUIS | K40: 120 | L40: =IF(K40<>"",VLOOKUP(K40,'Catálogo SAP'!A:F,3,FALSE),"") -> S.VP-01437 | M40: =IF(K40<>"",VLOOKUP(K40,'Catálogo SAP'!A:F,4,FALSE),"") -> Hr Produtiva Retroescavadeira C/Operador | N40: =IF(K40<>"",VLOOKUP(K40,'Catálogo SAP'!A:F,5,FALSE),"") -> H | O40: 5 | P40: =IF(G40="","-",G40-F40) -> 5 | Q40: =IF(K40="","-",N40*O40) -> #VALUE! | R40: =IF(J40<>"",VLOOKUP(J40,'RESUMO DR'!$B$4:$E$253,4,FALSE),"-") -> T-02 | S40: =IF(J40<>"",VLOOKUP(J40,'RESUMO DR'!$B$4:$E$253,3,FALSE),"-") -> ARAGUAINA
A41: 1553 | B41: 45643 | C41: RE-017 | D41: =IF(B41="","-",TEXT(B41,"ddd")) -> ter | E41: =IF(K41<>"",VLOOKUP(K41,'Catálogo SAP'!$A$1:$F$245,2,FALSE),"-") -> 130 | F41: 8666 | G41: 8666 | I41: 300 | J41: =IF(AND(I41>=0.001,I41<=16),"AÇAILÂNDIA","")&IF(AND(I41>=16.001,I41<=44),"S.F. BREJÃO","")&IF(AND(I41>=44.001,I41<=78),"JOÃO LISBOA","")&IF(AND(I41>=78.001,I41<=96.397),"IMPERATRIZ","")&IF(AND(I41>=96.398,I41<=122.82),"EDSON LOBÃO","")&IF(AND(I41>=122.821,I41<=152.303),"RIBAMAR FIQUENE","")&IF(AND(I41>=152.304,I41<=172.403),"CAMPESTRE","")&IF(AND(I41>=172.404,I41<=195),"PORTO FRANCO","")&IF(AND(I41>=300,I41<=300),"SAO LUIS","")&IF(AND(I41>=385.4,I41<=465.4),"Palmeirante","")&IF(AND(I41>=465.401,I41<=520.455),"Tupiratins","")&IF(AND(I41>=520.456,I41<=536.741),"Guaraí","")&IF(AND(I41>=536.742,I41<=580.293),"Tupirama","")&IF(AND(I41>=580.294,I41<=608.637),"Rio dos Bois","")&IF(AND(I41>=608.638,I41<=698.981),"Miracema","")&IF(AND(I41>=698.982,I41<=735.6),"Porto Nacional","")&IF(AND(I41>=195.1,I41<=213.603),"ESTREITO","")&IF(AND(I41>=213.604,I41<=218.976),"AGUIARNÓPOLIS","")&IF(AND(I41>=218.977,I41<=253.5),"PALMEIRAS DO TOCANTINS","")&IF(AND(I41>=253.501,I41<=274.15),"DARCINÓPOLIS","")&IF(AND(I41>=274.151,I41<=299.999),"BABAÇULÂNDIA","")&IF(AND(I41>=356.62,I41<=385.4),"ARAGUAÍNA","")&IF(AND(I41>=300.001,I41<=356.619),"BABAÇULÂNDIA","")&IF(AND(I41>=900,I41<=902),"ENG. VLI","") -> SAO LUIS | K41: 130 | L41: =IF(K41<>"",VLOOKUP(K41,'Catálogo SAP'!A:F,3,FALSE),"") -> S.VP-01438 | M41: =IF(K41<>"",VLOOKUP(K41,'Catálogo SAP'!A:F,4,FALSE),"") -> Hr Improdutiva Retroescavadeira C/Operador | N41: =IF(K41<>"",VLOOKUP(K41,'Catálogo SAP'!A:F,5,FALSE),"") -> H | O41: 4 | P41: =IF(G41="","-",G41-F41) -> 0 | Q41: =IF(K41="","-",N41*O41) -> #VALUE! | R41: =IF(J41<>"",VLOOKUP(J41,'RESUMO DR'!$B$4:$E$253,4,FALSE),"-") -> T-02 | S41: =IF(J41<>"",VLOOKUP(J41,'RESUMO DR'!$B$4:$E$253,3,FALSE),"-") -> ARAGUAINA
A42: 1795 | B42: 45643 | C42: RE-018 | D42: =IF(B42="","-",TEXT(B42,"ddd")) -> ter | E42: =IF(K42<>"",VLOOKUP(K42,'Catálogo SAP'!$A$1:$F$245,2,FALSE),"-") -> 120 | F42: 3760 | G42: 3769 | I42: 329 | J42: =IF(AND(I42>=0.001,I42<=16),"AÇAILÂNDIA","")&IF(AND(I42>=16.001,I42<=44),"S.F. BREJÃO","")&IF(AND(I42>=44.001,I42<=78),"JOÃO LISBOA","")&IF(AND(I42>=78.001,I42<=96.397),"IMPERATRIZ","")&IF(AND(I42>=96.398,I42<=122.82),"EDSON LOBÃO","")&IF(AND(I42>=122.821,I42<=152.303),"RIBAMAR FIQUENE","")&IF(AND(I42>=152.304,I42<=172.403),"CAMPESTRE","")&IF(AND(I42>=172.404,I42<=195),"PORTO FRANCO","")&IF(AND(I42>=300,I42<=300),"SAO LUIS","")&IF(AND(I42>=385.4,I42<=465.4),"Palmeirante","")&IF(AND(I42>=465.401,I42<=520.455),"Tupiratins","")&IF(AND(I42>=520.456,I42<=536.741),"Guaraí","")&IF(AND(I42>=536.742,I42<=580.293),"Tupirama","")&IF(AND(I42>=580.294,I42<=608.637),"Rio dos Bois","")&IF(AND(I42>=608.638,I42<=698.981),"Miracema","")&IF(AND(I42>=698.982,I42<=735.6),"Porto Nacional","")&IF(AND(I42>=195.1,I42<=213.603),"ESTREITO","")&IF(AND(I42>=213.604,I42<=218.976),"AGUIARNÓPOLIS","")&IF(AND(I42>=218.977,I42<=253.5),"PALMEIRAS DO TOCANTINS","")&IF(AND(I42>=253.501,I42<=274.15),"DARCINÓPOLIS","")&IF(AND(I42>=274.151,I42<=299.999),"BABAÇULÂNDIA","")&IF(AND(I42>=356.62,I42<=385.4),"ARAGUAÍNA","")&IF(AND(I42>=300.001,I42<=356.619),"BABAÇULÂNDIA","")&IF(AND(I42>=900,I42<=902),"ENG. VLI","") -> BABAÇULÂNDIA | K42: 120 | L42: =IF(K42<>"",VLOOKUP(K42,'Catálogo SAP'!A:F,3,FALSE),"") -> S.VP-01437 | M42: =IF(K42<>"",VLOOKUP(K42,'Catálogo SAP'!A:F,4,FALSE),"") -> Hr Produtiva Retroescavadeira C/Operador | N42: =IF(K42<>"",VLOOKUP(K42,'Catálogo SAP'!A:F,5,FALSE),"") -> H | O42: 9 | P42: =IF(G42="","-",G42-F42) -> 9 | Q42: =IF(K42="","-",N42*O42) -> #VALUE! | R42: =IF(J42<>"",VLOOKUP(J42,'RESUMO DR'!$B$4:$E$253,4,FALSE),"-") -> T-02 | S42: =IF(J42<>"",VLOOKUP(J42,'RESUMO DR'!$B$4:$E$253,3,FALSE),"-") -> ARAGUAINA
B43: 45643 | C43: RE-018 | D43: =IF(B43="","-",TEXT(B43,"ddd")) -> ter | E43: =IF(K43<>"",VLOOKUP(K43,'Catálogo SAP'!$A$1:$F$245,2,FALSE),"-") -> - | J43: =IF(AND(I43>=0.001,I43<=16),"AÇAILÂNDIA","")&IF(AND(I43>=16.001,I43<=44),"S.F. BREJÃO","")&IF(AND(I43>=44.001,I43<=78),"JOÃO LISBOA","")&IF(AND(I43>=78.001,I43<=96.397),"IMPERATRIZ","")&IF(AND(I43>=96.398,I43<=122.82),"EDSON LOBÃO","")&IF(AND(I43>=122.821,I43<=152.303),"RIBAMAR FIQUENE","")&IF(AND(I43>=152.304,I43<=172.403),"CAMPESTRE","")&IF(AND(I43>=172.404,I43<=195),"PORTO FRANCO","")&IF(AND(I43>=300,I43<=300),"SAO LUIS","")&IF(AND(I43>=385.4,I43<=465.4),"Palmeirante","")&IF(AND(I43>=465.401,I43<=520.455),"Tupiratins","")&IF(AND(I43>=520.456,I43<=536.741),"Guaraí","")&IF(AND(I43>=536.742,I43<=580.293),"Tupirama","")&IF(AND(I43>=580.294,I43<=608.637),"Rio dos Bois","")&IF(AND(I43>=608.638,I43<=698.981),"Miracema","")&IF(AND(I43>=698.982,I43<=735.6),"Porto Nacional","")&IF(AND(I43>=195.1,I43<=213.603),"ESTREITO","")&IF(AND(I43>=213.604,I43<=218.976),"AGUIARNÓPOLIS","")&IF(AND(I43>=218.977,I43<=253.5),"PALMEIRAS DO TOCANTINS","")&IF(AND(I43>=253.501,I43<=274.15),"DARCINÓPOLIS","")&IF(AND(I43>=274.151,I43<=299.999),"BABAÇULÂNDIA","")&IF(AND(I43>=356.62,I43<=385.4),"ARAGUAÍNA","")&IF(AND(I43>=300.001,I43<=356.619),"BABAÇULÂNDIA","")&IF(AND(I43>=900,I43<=902),"ENG. VLI","") | L43: =IF(K43<>"",VLOOKUP(K43,'Catálogo SAP'!A:F,3,FALSE),"") | M43: =IF(K43<>"",VLOOKUP(K43,'Catálogo SAP'!A:F,4,FALSE),"") | N43: =IF(K43<>"",VLOOKUP(K43,'Catálogo SAP'!A:F,5,FALSE),"") | P43: =IF(G43="","-",G43-F43) -> - | Q43: =IF(K43="","-",N43*O43) -> - | R43: =IF(J43<>"",VLOOKUP(J43,'RESUMO DR'!$B$4:$E$253,4,FALSE),"-") -> - | S43: =IF(J43<>"",VLOOKUP(J43,'RESUMO DR'!$B$4:$E$253,3,FALSE),"-") -> -
A44: 1790 | B44: 45643 | C44: RE-016 | D44: =IF(B44="","-",TEXT(B44,"ddd")) -> ter | E44: =IF(K44<>"",VLOOKUP(K44,'Catálogo SAP'!$A$1:$F$245,2,FALSE),"-") -> 120 | F44: 5792 | G44: 5801 | I44: 578 | J44: =IF(AND(I44>=0.001,I44<=16),"AÇAILÂNDIA","")&IF(AND(I44>=16.001,I44<=44),"S.F. BREJÃO","")&IF(AND(I44>=44.001,I44<=78),"JOÃO LISBOA","")&IF(AND(I44>=78.001,I44<=96.397),"IMPERATRIZ","")&IF(AND(I44>=96.398,I44<=122.82),"EDSON LOBÃO","")&IF(AND(I44>=122.821,I44<=152.303),"RIBAMAR FIQUENE","")&IF(AND(I44>=152.304,I44<=172.403),"CAMPESTRE","")&IF(AND(I44>=172.404,I44<=195),"PORTO FRANCO","")&IF(AND(I44>=300,I44<=300),"SAO LUIS","")&IF(AND(I44>=385.4,I44<=465.4),"Palmeirante","")&IF(AND(I44>=465.401,I44<=520.455),"Tupiratins","")&IF(AND(I44>=520.456,I44<=536.741),"Guaraí","")&IF(AND(I44>=536.742,I44<=580.293),"Tupirama","")&IF(AND(I44>=580.294,I44<=608.637),"Rio dos Bois","")&IF(AND(I44>=608.638,I44<=698.981),"Miracema","")&IF(AND(I44>=698.982,I44<=735.6),"Porto Nacional","")&IF(AND(I44>=195.1,I44<=213.603),"ESTREITO","")&IF(AND(I44>=213.604,I44<=218.976),"AGUIARNÓPOLIS","")&IF(AND(I44>=218.977,I44<=253.5),"PALMEIRAS DO TOCANTINS","")&IF(AND(I44>=253.501,I44<=274.15),"DARCINÓPOLIS","")&IF(AND(I44>=274.151,I44<=299.999),"BABAÇULÂNDIA","")&IF(AND(I44>=356.62,I44<=385.4),"ARAGUAÍNA","")&IF(AND(I44>=300.001,I44<=356.619),"BABAÇULÂNDIA","")&IF(AND(I44>=900,I44<=902),"ENG. VLI","") -> Tupirama | K44: 120 | L44: =IF(K44<>"",VLOOKUP(K44,'Catálogo SAP'!A:F,3,FALSE),"") -> S.VP-01437 | M44: =IF(K44<>"",VLOOKUP(K44,'Catálogo SAP'!A:F,4,FALSE),"") -> Hr Produtiva Retroescavadeira C/Operador | N44: =IF(K44<>"",VLOOKUP(K44,'Catálogo SAP'!A:F,5,FALSE),"") -> H | O44: 9 | P44: =IF(G44="","-",G44-F44) -> 9 | Q44: =IF(K44="","-",N44*O44) -> #VALUE! | R44: =IF(J44<>"",VLOOKUP(J44,'RESUMO DR'!$B$4:$E$253,4,FALSE),"-") -> T-03 | S44: =IF(J44<>"",VLOOKUP(J44,'RESUMO DR'!$B$4:$E$253,3,FALSE),"-") -> PALMAS
A45: 1798 | B45: 45643 | C45: CM-003 | D45: =IF(B45="","-",TEXT(B45,"ddd")) -> ter | E45: =IF(K45<>"",VLOOKUP(K45,'Catálogo SAP'!$A$1:$F$245,2,FALSE),"-") -> 400 | F45: 417767 | G45: 417958 | I45: 182 | J45: =IF(AND(I45>=0.001,I45<=16),"AÇAILÂNDIA","")&IF(AND(I45>=16.001,I45<=44),"S.F. BREJÃO","")&IF(AND(I45>=44.001,I45<=78),"JOÃO LISBOA","")&IF(AND(I45>=78.001,I45<=96.397),"IMPERATRIZ","")&IF(AND(I45>=96.398,I45<=122.82),"EDSON LOBÃO","")&IF(AND(I45>=122.821,I45<=152.303),"RIBAMAR FIQUENE","")&IF(AND(I45>=152.304,I45<=172.403),"CAMPESTRE","")&IF(AND(I45>=172.404,I45<=195),"PORTO FRANCO","")&IF(AND(I45>=300,I45<=300),"SAO LUIS","")&IF(AND(I45>=385.4,I45<=465.4),"Palmeirante","")&IF(AND(I45>=465.401,I45<=520.455),"Tupiratins","")&IF(AND(I45>=520.456,I45<=536.741),"Guaraí","")&IF(AND(I45>=536.742,I45<=580.293),"Tupirama","")&IF(AND(I45>=580.294,I45<=608.637),"Rio dos Bois","")&IF(AND(I45>=608.638,I45<=698.981),"Miracema","")&IF(AND(I45>=698.982,I45<=735.6),"Porto Nacional","")&IF(AND(I45>=195.1,I45<=213.603),"ESTREITO","")&IF(AND(I45>=213.604,I45<=218.976),"AGUIARNÓPOLIS","")&IF(AND(I45>=218.977,I45<=253.5),"PALMEIRAS DO TOCANTINS","")&IF(AND(I45>=253.501,I45<=274.15),"DARCINÓPOLIS","")&IF(AND(I45>=274.151,I45<=299.999),"BABAÇULÂNDIA","")&IF(AND(I45>=356.62,I45<=385.4),"ARAGUAÍNA","")&IF(AND(I45>=300.001,I45<=356.619),"BABAÇULÂNDIA","")&IF(AND(I45>=900,I45<=902),"ENG. VLI","") -> PORTO FRANCO | K45: 400 | L45: =IF(K45<>"",VLOOKUP(K45,'Catálogo SAP'!A:F,3,FALSE),"") -> S.VP-01461 | M45: =IF(K45<>"",VLOOKUP(K45,'Catálogo SAP'!A:F,4,FALSE),"") -> Km Rodado Carreta Prancha - C/ Motorista | N45: =IF(K45<>"",VLOOKUP(K45,'Catálogo SAP'!A:F,5,FALSE),"") -> KM | O45: 191 | P45: =IF(G45="","-",G45-F45) -> 191 | Q45: =IF(K45="","-",N45*O45) -> #VALUE! | R45: =IF(J45<>"",VLOOKUP(J45,'RESUMO DR'!$B$4:$E$253,4,FALSE),"-") -> T-01 | S45: =IF(J45<>"",VLOOKUP(J45,'RESUMO DR'!$B$4:$E$253,3,FALSE),"-") -> IMPERATRIZ
B46: 45643 | C46: CM-003 | D46: =IF(B46="","-",TEXT(B46,"ddd")) -> ter | E46: =IF(K46<>"",VLOOKUP(K46,'Catálogo SAP'!$A$1:$F$245,2,FALSE),"-") -> - | J46: =IF(AND(I46>=0.001,I46<=16),"AÇAILÂNDIA","")&IF(AND(I46>=16.001,I46<=44),"S.F. BREJÃO","")&IF(AND(I46>=44.001,I46<=78),"JOÃO LISBOA","")&IF(AND(I46>=78.001,I46<=96.397),"IMPERATRIZ","")&IF(AND(I46>=96.398,I46<=122.82),"EDSON LOBÃO","")&IF(AND(I46>=122.821,I46<=152.303),"RIBAMAR FIQUENE","")&IF(AND(I46>=152.304,I46<=172.403),"CAMPESTRE","")&IF(AND(I46>=172.404,I46<=195),"PORTO FRANCO","")&IF(AND(I46>=300,I46<=300),"SAO LUIS","")&IF(AND(I46>=385.4,I46<=465.4),"Palmeirante","")&IF(AND(I46>=465.401,I46<=520.455),"Tupiratins","")&IF(AND(I46>=520.456,I46<=536.741),"Guaraí","")&IF(AND(I46>=536.742,I46<=580.293),"Tupirama","")&IF(AND(I46>=580.294,I46<=608.637),"Rio dos Bois","")&IF(AND(I46>=608.638,I46<=698.981),"Miracema","")&IF(AND(I46>=698.982,I46<=735.6),"Porto Nacional","")&IF(AND(I46>=195.1,I46<=213.603),"ESTREITO","")&IF(AND(I46>=213.604,I46<=218.976),"AGUIARNÓPOLIS","")&IF(AND(I46>=218.977,I46<=253.5),"PALMEIRAS DO TOCANTINS","")&IF(AND(I46>=253.501,I46<=274.15),"DARCINÓPOLIS","")&IF(AND(I46>=274.151,I46<=299.999),"BABAÇULÂNDIA","")&IF(AND(I46>=356.62,I46<=385.4),"ARAGUAÍNA","")&IF(AND(I46>=300.001,I46<=356.619),"BABAÇULÂNDIA","")&IF(AND(I46>=900,I46<=902),"ENG. VLI","") | L46: =IF(K46<>"",VLOOKUP(K46,'Catálogo SAP'!A:F,3,FALSE),"") | M46: =IF(K46<>"",VLOOKUP(K46,'Catálogo SAP'!A:F,4,FALSE),"") | N46: =IF(K46<>"",VLOOKUP(K46,'Catálogo SAP'!A:F,5,FALSE),"") | P46: =IF(G46="","-",G46-F46) -> - | Q46: =IF(K46="","-",N46*O46) -> - | R46: =IF(J46<>"",VLOOKUP(J46,'RESUMO DR'!$B$4:$E$253,4,FALSE),"-") -> - | S46: =IF(J46<>"",VLOOKUP(J46,'RESUMO DR'!$B$4:$E$253,3,FALSE),"-") -> -
A47: 1797 | B47: 45643 | C47: CBL-052 | D47: =IF(B47="","-",TEXT(B47,"ddd")) -> ter | E47: =IF(K47<>"",VLOOKUP(K47,'Catálogo SAP'!$A$1:$F$245,2,FALSE),"-") -> 200 | F47: 63625 | G47: 63858 | I47: 163 | J47: =IF(AND(I47>=0.001,I47<=16),"AÇAILÂNDIA","")&IF(AND(I47>=16.001,I47<=44),"S.F. BREJÃO","")&IF(AND(I47>=44.001,I47<=78),"JOÃO LISBOA","")&IF(AND(I47>=78.001,I47<=96.397),"IMPERATRIZ","")&IF(AND(I47>=96.398,I47<=122.82),"EDSON LOBÃO","")&IF(AND(I47>=122.821,I47<=152.303),"RIBAMAR FIQUENE","")&IF(AND(I47>=152.304,I47<=172.403),"CAMPESTRE","")&IF(AND(I47>=172.404,I47<=195),"PORTO FRANCO","")&IF(AND(I47>=300,I47<=300),"SAO LUIS","")&IF(AND(I47>=385.4,I47<=465.4),"Palmeirante","")&IF(AND(I47>=465.401,I47<=520.455),"Tupiratins","")&IF(AND(I47>=520.456,I47<=536.741),"Guaraí","")&IF(AND(I47>=536.742,I47<=580.293),"Tupirama","")&IF(AND(I47>=580.294,I47<=608.637),"Rio dos Bois","")&IF(AND(I47>=608.638,I47<=698.981),"Miracema","")&IF(AND(I47>=698.982,I47<=735.6),"Porto Nacional","")&IF(AND(I47>=195.1,I47<=213.603),"ESTREITO","")&IF(AND(I47>=213.604,I47<=218.976),"AGUIARNÓPOLIS","")&IF(AND(I47>=218.977,I47<=253.5),"PALMEIRAS DO TOCANTINS","")&IF(AND(I47>=253.501,I47<=274.15),"DARCINÓPOLIS","")&IF(AND(I47>=274.151,I47<=299.999),"BABAÇULÂNDIA","")&IF(AND(I47>=356.62,I47<=385.4),"ARAGUAÍNA","")&IF(AND(I47>=300.001,I47<=356.619),"BABAÇULÂNDIA","")&IF(AND(I47>=900,I47<=902),"ENG. VLI","") -> CAMPESTRE | K47: 200 | L47: =IF(K47<>"",VLOOKUP(K47,'Catálogo SAP'!A:F,3,FALSE),"") -> S.VP-01445 | M47: =IF(K47<>"",VLOOKUP(K47,'Catálogo SAP'!A:F,4,FALSE),"") -> Km Rodado Caminhão Basculante - C/Motorista | N47: =IF(K47<>"",VLOOKUP(K47,'Catálogo SAP'!A:F,5,FALSE),"") -> KM | O47: 233 | P47: =IF(G47="","-",G47-F47) -> 233 | Q47: =IF(K47="","-",N47*O47) -> #VALUE! | R47: =IF(J47<>"",VLOOKUP(J47,'RESUMO DR'!$B$4:$E$253,4,FALSE),"-") -> T-01 | S47: =IF(J47<>"",VLOOKUP(J47,'RESUMO DR'!$B$4:$E$253,3,FALSE),"-") -> IMPERATRIZ
A48: 1798 | B48: 45643 | C48: CBL-051 | D48: =IF(B48="","-",TEXT(B48,"ddd")) -> ter | E48: =IF(K48<>"",VLOOKUP(K48,'Catálogo SAP'!$A$1:$F$245,2,FALSE),"-") -> 200 | F48: 59889 | G48: 60204 | I48: 182 | J48: =IF(AND(I48>=0.001,I48<=16),"AÇAILÂNDIA","")&IF(AND(I48>=16.001,I48<=44),"S.F. BREJÃO","")&IF(AND(I48>=44.001,I48<=78),"JOÃO LISBOA","")&IF(AND(I48>=78.001,I48<=96.397),"IMPERATRIZ","")&IF(AND(I48>=96.398,I48<=122.82),"EDSON LOBÃO","")&IF(AND(I48>=122.821,I48<=152.303),"RIBAMAR FIQUENE","")&IF(AND(I48>=152.304,I48<=172.403),"CAMPESTRE","")&IF(AND(I48>=172.404,I48<=195),"PORTO FRANCO","")&IF(AND(I48>=300,I48<=300),"SAO LUIS","")&IF(AND(I48>=385.4,I48<=465.4),"Palmeirante","")&IF(AND(I48>=465.401,I48<=520.455),"Tupiratins","")&IF(AND(I48>=520.456,I48<=536.741),"Guaraí","")&IF(AND(I48>=536.742,I48<=580.293),"Tupirama","")&IF(AND(I48>=580.294,I48<=608.637),"Rio dos Bois","")&IF(AND(I48>=608.638,I48<=698.981),"Miracema","")&IF(AND(I48>=698.982,I48<=735.6),"Porto Nacional","")&IF(AND(I48>=195.1,I48<=213.603),"ESTREITO","")&IF(AND(I48>=213.604,I48<=218.976),"AGUIARNÓPOLIS","")&IF(AND(I48>=218.977,I48<=253.5),"PALMEIRAS DO TOCANTINS","")&IF(AND(I48>=253.501,I48<=274.15),"DARCINÓPOLIS","")&IF(AND(I48>=274.151,I48<=299.999),"BABAÇULÂNDIA","")&IF(AND(I48>=356.62,I48<=385.4),"ARAGUAÍNA","")&IF(AND(I48>=300.001,I48<=356.619),"BABAÇULÂNDIA","")&IF(AND(I48>=900,I48<=902),"ENG. VLI","") -> PORTO FRANCO | K48: 200 | L48: =IF(K48<>"",VLOOKUP(K48,'Catálogo SAP'!A:F,3,FALSE),"") -> S.VP-01445 | M48: =IF(K48<>"",VLOOKUP(K48,'Catálogo SAP'!A:F,4,FALSE),"") -> Km Rodado Caminhão Basculante - C/Motorista | N48: =IF(K48<>"",VLOOKUP(K48,'Catálogo SAP'!A:F,5,FALSE),"") -> KM | O48: 315 | P48: =IF(G48="","-",G48-F48) -> 315 | Q48: =IF(K48="","-",N48*O48) -> #VALUE! | R48: =IF(J48<>"",VLOOKUP(J48,'RESUMO DR'!$B$4:$E$253,4,FALSE),"-") -> T-01 | S48: =IF(J48<>"",VLOOKUP(J48,'RESUMO DR'!$B$4:$E$253,3,FALSE),"-") -> IMPERATRIZ
A49: 1794 | B49: 45643 | C49: CBL-003 | D49: =IF(B49="","-",TEXT(B49,"ddd")) -> ter | E49: =IF(K49<>"",VLOOKUP(K49,'Catálogo SAP'!$A$1:$F$245,2,FALSE),"-") -> 200 | F49: 47625 | G49: 47700 | I49: 442 | J49: =IF(AND(I49>=0.001,I49<=16),"AÇAILÂNDIA","")&IF(AND(I49>=16.001,I49<=44),"S.F. BREJÃO","")&IF(AND(I49>=44.001,I49<=78),"JOÃO LISBOA","")&IF(AND(I49>=78.001,I49<=96.397),"IMPERATRIZ","")&IF(AND(I49>=96.398,I49<=122.82),"EDSON LOBÃO","")&IF(AND(I49>=122.821,I49<=152.303),"RIBAMAR FIQUENE","")&IF(AND(I49>=152.304,I49<=172.403),"CAMPESTRE","")&IF(AND(I49>=172.404,I49<=195),"PORTO FRANCO","")&IF(AND(I49>=300,I49<=300),"SAO LUIS","")&IF(AND(I49>=385.4,I49<=465.4),"Palmeirante","")&IF(AND(I49>=465.401,I49<=520.455),"Tupiratins","")&IF(AND(I49>=520.456,I49<=536.741),"Guaraí","")&IF(AND(I49>=536.742,I49<=580.293),"Tupirama","")&IF(AND(I49>=580.294,I49<=608.637),"Rio dos Bois","")&IF(AND(I49>=608.638,I49<=698.981),"Miracema","")&IF(AND(I49>=698.982,I49<=735.6),"Porto Nacional","")&IF(AND(I49>=195.1,I49<=213.603),"ESTREITO","")&IF(AND(I49>=213.604,I49<=218.976),"AGUIARNÓPOLIS","")&IF(AND(I49>=218.977,I49<=253.5),"PALMEIRAS DO TOCANTINS","")&IF(AND(I49>=253.501,I49<=274.15),"DARCINÓPOLIS","")&IF(AND(I49>=274.151,I49<=299.999),"BABAÇULÂNDIA","")&IF(AND(I49>=356.62,I49<=385.4),"ARAGUAÍNA","")&IF(AND(I49>=300.001,I49<=356.619),"BABAÇULÂNDIA","")&IF(AND(I49>=900,I49<=902),"ENG. VLI","") -> Palmeirante | K49: 200 | L49: =IF(K49<>"",VLOOKUP(K49,'Catálogo SAP'!A:F,3,FALSE),"") -> S.VP-01445 | M49: =IF(K49<>"",VLOOKUP(K49,'Catálogo SAP'!A:F,4,FALSE),"") -> Km Rodado Caminhão Basculante - C/Motorista | N49: =IF(K49<>"",VLOOKUP(K49,'Catálogo SAP'!A:F,5,FALSE),"") -> KM | O49: 75 | P49: =IF(G49="","-",G49-F49) -> 75 | Q49: =IF(K49="","-",N49*O49) -> #VALUE! | R49: =IF(J49<>"",VLOOKUP(J49,'RESUMO DR'!$B$4:$E$253,4,FALSE),"-") -> T-02 | S49: =IF(J49<>"",VLOOKUP(J49,'RESUMO DR'!$B$4:$E$253,3,FALSE),"-") -> ARAGUAINA
A50: 1800 | B50: 45643 | C50: CBL-054 | D50: =IF(B50="","-",TEXT(B50,"ddd")) -> ter | E50: =IF(K50<>"",VLOOKUP(K50,'Catálogo SAP'!$A$1:$F$245,2,FALSE),"-") -> 200 | F50: 63020 | G50: 63407 | I50: 122 | J50: =IF(AND(I50>=0.001,I50<=16),"AÇAILÂNDIA","")&IF(AND(I50>=16.001,I50<=44),"S.F. BREJÃO","")&IF(AND(I50>=44.001,I50<=78),"JOÃO LISBOA","")&IF(AND(I50>=78.001,I50<=96.397),"IMPERATRIZ","")&IF(AND(I50>=96.398,I50<=122.82),"EDSON LOBÃO","")&IF(AND(I50>=122.821,I50<=152.303),"RIBAMAR FIQUENE","")&IF(AND(I50>=152.304,I50<=172.403),"CAMPESTRE","")&IF(AND(I50>=172.404,I50<=195),"PORTO FRANCO","")&IF(AND(I50>=300,I50<=300),"SAO LUIS","")&IF(AND(I50>=385.4,I50<=465.4),"Palmeirante","")&IF(AND(I50>=465.401,I50<=520.455),"Tupiratins","")&IF(AND(I50>=520.456,I50<=536.741),"Guaraí","")&IF(AND(I50>=536.742,I50<=580.293),"Tupirama","")&IF(AND(I50>=580.294,I50<=608.637),"Rio dos Bois","")&IF(AND(I50>=608.638,I50<=698.981),"Miracema","")&IF(AND(I50>=698.982,I50<=735.6),"Porto Nacional","")&IF(AND(I50>=195.1,I50<=213.603),"ESTREITO","")&IF(AND(I50>=213.604,I50<=218.976),"AGUIARNÓPOLIS","")&IF(AND(I50>=218.977,I50<=253.5),"PALMEIRAS DO TOCANTINS","")&IF(AND(I50>=253.501,I50<=274.15),"DARCINÓPOLIS","")&IF(AND(I50>=274.151,I50<=299.999),"BABAÇULÂNDIA","")&IF(AND(I50>=356.62,I50<=385.4),"ARAGUAÍNA","")&IF(AND(I50>=300.001,I50<=356.619),"BABAÇULÂNDIA","")&IF(AND(I50>=900,I50<=902),"ENG. VLI","") -> EDSON LOBÃO | K50: 200 | L50: =IF(K50<>"",VLOOKUP(K50,'Catálogo SAP'!A:F,3,FALSE),"") -> S.VP-01445 | M50: =IF(K50<>"",VLOOKUP(K50,'Catálogo SAP'!A:F,4,FALSE),"") -> Km Rodado Caminhão Basculante - C/Motorista | N50: =IF(K50<>"",VLOOKUP(K50,'Catálogo SAP'!A:F,5,FALSE),"") -> KM | O50: 387 | P50: =IF(G50="","-",G50-F50) -> 387 | Q50: =IF(K50="","-",N50*O50) -> #VALUE! | R50: =IF(J50<>"",VLOOKUP(J50,'RESUMO DR'!$B$4:$E$253,4,FALSE),"-") -> T-01 | S50: =IF(J50<>"",VLOOKUP(J50,'RESUMO DR'!$B$4:$E$253,3,FALSE),"-") -> IMPERATRIZ
A51: 1800 | B51: 45643 | C51: CBL-055 | D51: =IF(B51="","-",TEXT(B51,"ddd")) -> ter | E51: =IF(K51<>"",VLOOKUP(K51,'Catálogo SAP'!$A$1:$F$245,2,FALSE),"-") -> 200 | F51: 63142 | G51: 63514 | I51: 122 | J51: =IF(AND(I51>=0.001,I51<=16),"AÇAILÂNDIA","")&IF(AND(I51>=16.001,I51<=44),"S.F. BREJÃO","")&IF(AND(I51>=44.001,I51<=78),"JOÃO LISBOA","")&IF(AND(I51>=78.001,I51<=96.397),"IMPERATRIZ","")&IF(AND(I51>=96.398,I51<=122.82),"EDSON LOBÃO","")&IF(AND(I51>=122.821,I51<=152.303),"RIBAMAR FIQUENE","")&IF(AND(I51>=152.304,I51<=172.403),"CAMPESTRE","")&IF(AND(I51>=172.404,I51<=195),"PORTO FRANCO","")&IF(AND(I51>=300,I51<=300),"SAO LUIS","")&IF(AND(I51>=385.4,I51<=465.4),"Palmeirante","")&IF(AND(I51>=465.401,I51<=520.455),"Tupiratins","")&IF(AND(I51>=520.456,I51<=536.741),"Guaraí","")&IF(AND(I51>=536.742,I51<=580.293),"Tupirama","")&IF(AND(I51>=580.294,I51<=608.637),"Rio dos Bois","")&IF(AND(I51>=608.638,I51<=698.981),"Miracema","")&IF(AND(I51>=698.982,I51<=735.6),"Porto Nacional","")&IF(AND(I51>=195.1,I51<=213.603),"ESTREITO","")&IF(AND(I51>=213.604,I51<=218.976),"AGUIARNÓPOLIS","")&IF(AND(I51>=218.977,I51<=253.5),"PALMEIRAS DO TOCANTINS","")&IF(AND(I51>=253.501,I51<=274.15),"DARCINÓPOLIS","")&IF(AND(I51>=274.151,I51<=299.999),"BABAÇULÂNDIA","")&IF(AND(I51>=356.62,I51<=385.4),"ARAGUAÍNA","")&IF(AND(I51>=300.001,I51<=356.619),"BABAÇULÂNDIA","")&IF(AND(I51>=900,I51<=902),"ENG. VLI","") -> EDSON LOBÃO | K51: 200 | L51: =IF(K51<>"",VLOOKUP(K51,'Catálogo SAP'!A:F,3,FALSE),"") -> S.VP-01445 | M51: =IF(K51<>"",VLOOKUP(K51,'Catálogo SAP'!A:F,4,FALSE),"") -> Km Rodado Caminhão Basculante - C/Motorista | N51: =IF(K51<>"",VLOOKUP(K51,'Catálogo SAP'!A:F,5,FALSE),"") -> KM | O51: 372 | P51: =IF(G51="","-",G51-F51) -> 372 | Q51: =IF(K51="","-",N51*O51) -> #VALUE! | R51: =IF(J51<>"",VLOOKUP(J51,'RESUMO DR'!$B$4:$E$253,4,FALSE),"-") -> T-01 | S51: =IF(J51<>"",VLOOKUP(J51,'RESUMO DR'!$B$4:$E$253,3,FALSE),"-") -> IMPERATRIZ
A52: 1790 | B52: 45643 | C52: CBL-005 | D52: =IF(B52="","-",TEXT(B52,"ddd")) -> ter | E52: =IF(K52<>"",VLOOKUP(K52,'Catálogo SAP'!$A$1:$F$245,2,FALSE),"-") -> 200 | F52: 80029 | G52: 80116 | I52: 578 | J52: =IF(AND(I52>=0.001,I52<=16),"AÇAILÂNDIA","")&IF(AND(I52>=16.001,I52<=44),"S.F. BREJÃO","")&IF(AND(I52>=44.001,I52<=78),"JOÃO LISBOA","")&IF(AND(I52>=78.001,I52<=96.397),"IMPERATRIZ","")&IF(AND(I52>=96.398,I52<=122.82),"EDSON LOBÃO","")&IF(AND(I52>=122.821,I52<=152.303),"RIBAMAR FIQUENE","")&IF(AND(I52>=152.304,I52<=172.403),"CAMPESTRE","")&IF(AND(I52>=172.404,I52<=195),"PORTO FRANCO","")&IF(AND(I52>=300,I52<=300),"SAO LUIS","")&IF(AND(I52>=385.4,I52<=465.4),"Palmeirante","")&IF(AND(I52>=465.401,I52<=520.455),"Tupiratins","")&IF(AND(I52>=520.456,I52<=536.741),"Guaraí","")&IF(AND(I52>=536.742,I52<=580.293),"Tupirama","")&IF(AND(I52>=580.294,I52<=608.637),"Rio dos Bois","")&IF(AND(I52>=608.638,I52<=698.981),"Miracema","")&IF(AND(I52>=698.982,I52<=735.6),"Porto Nacional","")&IF(AND(I52>=195.1,I52<=213.603),"ESTREITO","")&IF(AND(I52>=213.604,I52<=218.976),"AGUIARNÓPOLIS","")&IF(AND(I52>=218.977,I52<=253.5),"PALMEIRAS DO TOCANTINS","")&IF(AND(I52>=253.501,I52<=274.15),"DARCINÓPOLIS","")&IF(AND(I52>=274.151,I52<=299.999),"BABAÇULÂNDIA","")&IF(AND(I52>=356.62,I52<=385.4),"ARAGUAÍNA","")&IF(AND(I52>=300.001,I52<=356.619),"BABAÇULÂNDIA","")&IF(AND(I52>=900,I52<=902),"ENG. VLI","") -> Tupirama | K52: 200 | L52: =IF(K52<>"",VLOOKUP(K52,'Catálogo SAP'!A:F,3,FALSE),"") -> S.VP-01445 | M52: =IF(K52<>"",VLOOKUP(K52,'Catálogo SAP'!A:F,4,FALSE),"") -> Km Rodado Caminhão Basculante - C/Motorista | N52: =IF(K52<>"",VLOOKUP(K52,'Catálogo SAP'!A:F,5,FALSE),"") -> KM | O52: 87 | P52: =IF(G52="","-",G52-F52) -> 87 | Q52: =IF(K52="","-",N52*O52) -> #VALUE! | R52: =IF(J52<>"",VLOOKUP(J52,'RESUMO DR'!$B$4:$E$253,4,FALSE),"-") -> T-03 | S52: =IF(J52<>"",VLOOKUP(J52,'RESUMO DR'!$B$4:$E$253,3,FALSE),"-") -> PALMAS
A53: 1800 | B53: 45643 | C53: PC-006 | D53: =IF(B53="","-",TEXT(B53,"ddd")) -> ter | E53: =IF(K53<>"",VLOOKUP(K53,'Catálogo SAP'!$A$1:$F$245,2,FALSE),"-") -> 160 | F53: 495 | G53: 504 | I53: 122 | J53: =IF(AND(I53>=0.001,I53<=16),"AÇAILÂNDIA","")&IF(AND(I53>=16.001,I53<=44),"S.F. BREJÃO","")&IF(AND(I53>=44.001,I53<=78),"JOÃO LISBOA","")&IF(AND(I53>=78.001,I53<=96.397),"IMPERATRIZ","")&IF(AND(I53>=96.398,I53<=122.82),"EDSON LOBÃO","")&IF(AND(I53>=122.821,I53<=152.303),"RIBAMAR FIQUENE","")&IF(AND(I53>=152.304,I53<=172.403),"CAMPESTRE","")&IF(AND(I53>=172.404,I53<=195),"PORTO FRANCO","")&IF(AND(I53>=300,I53<=300),"SAO LUIS","")&IF(AND(I53>=385.4,I53<=465.4),"Palmeirante","")&IF(AND(I53>=465.401,I53<=520.455),"Tupiratins","")&IF(AND(I53>=520.456,I53<=536.741),"Guaraí","")&IF(AND(I53>=536.742,I53<=580.293),"Tupirama","")&IF(AND(I53>=580.294,I53<=608.637),"Rio dos Bois","")&IF(AND(I53>=608.638,I53<=698.981),"Miracema","")&IF(AND(I53>=698.982,I53<=735.6),"Porto Nacional","")&IF(AND(I53>=195.1,I53<=213.603),"ESTREITO","")&IF(AND(I53>=213.604,I53<=218.976),"AGUIARNÓPOLIS","")&IF(AND(I53>=218.977,I53<=253.5),"PALMEIRAS DO TOCANTINS","")&IF(AND(I53>=253.501,I53<=274.15),"DARCINÓPOLIS","")&IF(AND(I53>=274.151,I53<=299.999),"BABAÇULÂNDIA","")&IF(AND(I53>=356.62,I53<=385.4),"ARAGUAÍNA","")&IF(AND(I53>=300.001,I53<=356.619),"BABAÇULÂNDIA","")&IF(AND(I53>=900,I53<=902),"ENG. VLI","") -> EDSON LOBÃO | K53: 160 | L53: =IF(K53<>"",VLOOKUP(K53,'Catálogo SAP'!A:F,3,FALSE),"") -> S.VP-01441 | M53: =IF(K53<>"",VLOOKUP(K53,'Catálogo SAP'!A:F,4,FALSE),"") -> Hora Produtiva Pa Carregadeira C/Operador | N53: =IF(K53<>"",VLOOKUP(K53,'Catálogo SAP'!A:F,5,FALSE),"") -> H | O53: 9 | P53: =IF(G53="","-",G53-F53) -> 9 | Q53: =IF(K53="","-",N53*O53) -> #VALUE! | R53: =IF(J53<>"",VLOOKUP(J53,'RESUMO DR'!$B$4:$E$253,4,FALSE),"-") -> T-01 | S53: =IF(J53<>"",VLOOKUP(J53,'RESUMO DR'!$B$4:$E$253,3,FALSE),"-") -> IMPERATRIZ
A54: 1798 | B54: 45643 | C54: EH-008 | D54: =IF(B54="","-",TEXT(B54,"ddd")) -> ter | E54: =IF(K54<>"",VLOOKUP(K54,'Catálogo SAP'!$A$1:$F$245,2,FALSE),"-") -> 520 | F54: 10515 | G54: 10523 | I54: 195 | J54: =IF(AND(I54>=0.001,I54<=16),"AÇAILÂNDIA","")&IF(AND(I54>=16.001,I54<=44),"S.F. BREJÃO","")&IF(AND(I54>=44.001,I54<=78),"JOÃO LISBOA","")&IF(AND(I54>=78.001,I54<=96.397),"IMPERATRIZ","")&IF(AND(I54>=96.398,I54<=122.82),"EDSON LOBÃO","")&IF(AND(I54>=122.821,I54<=152.303),"RIBAMAR FIQUENE","")&IF(AND(I54>=152.304,I54<=172.403),"CAMPESTRE","")&IF(AND(I54>=172.404,I54<=195),"PORTO FRANCO","")&IF(AND(I54>=300,I54<=300),"SAO LUIS","")&IF(AND(I54>=385.4,I54<=465.4),"Palmeirante","")&IF(AND(I54>=465.401,I54<=520.455),"Tupiratins","")&IF(AND(I54>=520.456,I54<=536.741),"Guaraí","")&IF(AND(I54>=536.742,I54<=580.293),"Tupirama","")&IF(AND(I54>=580.294,I54<=608.637),"Rio dos Bois","")&IF(AND(I54>=608.638,I54<=698.981),"Miracema","")&IF(AND(I54>=698.982,I54<=735.6),"Porto Nacional","")&IF(AND(I54>=195.1,I54<=213.603),"ESTREITO","")&IF(AND(I54>=213.604,I54<=218.976),"AGUIARNÓPOLIS","")&IF(AND(I54>=218.977,I54<=253.5),"PALMEIRAS DO TOCANTINS","")&IF(AND(I54>=253.501,I54<=274.15),"DARCINÓPOLIS","")&IF(AND(I54>=274.151,I54<=299.999),"BABAÇULÂNDIA","")&IF(AND(I54>=356.62,I54<=385.4),"ARAGUAÍNA","")&IF(AND(I54>=300.001,I54<=356.619),"BABAÇULÂNDIA","")&IF(AND(I54>=900,I54<=902),"ENG. VLI","") -> PORTO FRANCO | K54: 520 | L54: =IF(K54<>"",VLOOKUP(K54,'Catálogo SAP'!A:F,3,FALSE),"") -> S.VP-01469 | M54: =IF(K54<>"",VLOOKUP(K54,'Catálogo SAP'!A:F,4,FALSE),"") -> Hora Produtiva Escavadeira Hidraulica | N54: =IF(K54<>"",VLOOKUP(K54,'Catálogo SAP'!A:F,5,FALSE),"") -> H | O54: 8 | P54: =IF(G54="","-",G54-F54) -> 8 | Q54: =IF(K54="","-",N54*O54) -> #VALUE! | R54: =IF(J54<>"",VLOOKUP(J54,'RESUMO DR'!$B$4:$E$253,4,FALSE),"-") -> T-01 | S54: =IF(J54<>"",VLOOKUP(J54,'RESUMO DR'!$B$4:$E$253,3,FALSE),"-") -> IMPERATRIZ
A55: 1798 | B55: 45643 | C55: EH-008 | D55: =IF(B55="","-",TEXT(B55,"ddd")) -> ter | E55: =IF(K55<>"",VLOOKUP(K55,'Catálogo SAP'!$A$1:$F$245,2,FALSE),"-") -> 530 | F55: 10523 | G55: 10523 | I55: 195 | J55: =IF(AND(I55>=0.001,I55<=16),"AÇAILÂNDIA","")&IF(AND(I55>=16.001,I55<=44),"S.F. BREJÃO","")&IF(AND(I55>=44.001,I55<=78),"JOÃO LISBOA","")&IF(AND(I55>=78.001,I55<=96.397),"IMPERATRIZ","")&IF(AND(I55>=96.398,I55<=122.82),"EDSON LOBÃO","")&IF(AND(I55>=122.821,I55<=152.303),"RIBAMAR FIQUENE","")&IF(AND(I55>=152.304,I55<=172.403),"CAMPESTRE","")&IF(AND(I55>=172.404,I55<=195),"PORTO FRANCO","")&IF(AND(I55>=300,I55<=300),"SAO LUIS","")&IF(AND(I55>=385.4,I55<=465.4),"Palmeirante","")&IF(AND(I55>=465.401,I55<=520.455),"Tupiratins","")&IF(AND(I55>=520.456,I55<=536.741),"Guaraí","")&IF(AND(I55>=536.742,I55<=580.293),"Tupirama","")&IF(AND(I55>=580.294,I55<=608.637),"Rio dos Bois","")&IF(AND(I55>=608.638,I55<=698.981),"Miracema","")&IF(AND(I55>=698.982,I55<=735.6),"Porto Nacional","")&IF(AND(I55>=195.1,I55<=213.603),"ESTREITO","")&IF(AND(I55>=213.604,I55<=218.976),"AGUIARNÓPOLIS","")&IF(AND(I55>=218.977,I55<=253.5),"PALMEIRAS DO TOCANTINS","")&IF(AND(I55>=253.501,I55<=274.15),"DARCINÓPOLIS","")&IF(AND(I55>=274.151,I55<=299.999),"BABAÇULÂNDIA","")&IF(AND(I55>=356.62,I55<=385.4),"ARAGUAÍNA","")&IF(AND(I55>=300.001,I55<=356.619),"BABAÇULÂNDIA","")&IF(AND(I55>=900,I55<=902),"ENG. VLI","") -> PORTO FRANCO | K55: 530 | L55: =IF(K55<>"",VLOOKUP(K55,'Catálogo SAP'!A:F,3,FALSE),"") -> S.VP-01470 | M55: =IF(K55<>"",VLOOKUP(K55,'Catálogo SAP'!A:F,4,FALSE),"") -> Hora Improdutiva Escavadeira Hidraulica | N55: =IF(K55<>"",VLOOKUP(K55,'Catálogo SAP'!A:F,5,FALSE),"") -> H | O55: 1 | P55: =IF(G55="","-",G55-F55) -> 0 | Q55: =IF(K55="","-",N55*O55) -> #VALUE! | R55: =IF(J55<>"",VLOOKUP(J55,'RESUMO DR'!$B$4:$E$253,4,FALSE),"-") -> T-01 | S55: =IF(J55<>"",VLOOKUP(J55,'RESUMO DR'!$B$4:$E$253,3,FALSE),"-") -> IMPERATRIZ
A56: 1794 | B56: 45643 | C56: REL-03 | D56: =IF(B56="","-",TEXT(B56,"ddd")) -> ter | E56: =IF(K56<>"",VLOOKUP(K56,'Catálogo SAP'!$A$1:$F$245,2,FALSE),"-") -> 120 | F56: 1100 | G56: 1109 | I56: 442 | J56: =IF(AND(I56>=0.001,I56<=16),"AÇAILÂNDIA","")&IF(AND(I56>=16.001,I56<=44),"S.F. BREJÃO","")&IF(AND(I56>=44.001,I56<=78),"JOÃO LISBOA","")&IF(AND(I56>=78.001,I56<=96.397),"IMPERATRIZ","")&IF(AND(I56>=96.398,I56<=122.82),"EDSON LOBÃO","")&IF(AND(I56>=122.821,I56<=152.303),"RIBAMAR FIQUENE","")&IF(AND(I56>=152.304,I56<=172.403),"CAMPESTRE","")&IF(AND(I56>=172.404,I56<=195),"PORTO FRANCO","")&IF(AND(I56>=300,I56<=300),"SAO LUIS","")&IF(AND(I56>=385.4,I56<=465.4),"Palmeirante","")&IF(AND(I56>=465.401,I56<=520.455),"Tupiratins","")&IF(AND(I56>=520.456,I56<=536.741),"Guaraí","")&IF(AND(I56>=536.742,I56<=580.293),"Tupirama","")&IF(AND(I56>=580.294,I56<=608.637),"Rio dos Bois","")&IF(AND(I56>=608.638,I56<=698.981),"Miracema","")&IF(AND(I56>=698.982,I56<=735.6),"Porto Nacional","")&IF(AND(I56>=195.1,I56<=213.603),"ESTREITO","")&IF(AND(I56>=213.604,I56<=218.976),"AGUIARNÓPOLIS","")&IF(AND(I56>=218.977,I56<=253.5),"PALMEIRAS DO TOCANTINS","")&IF(AND(I56>=253.501,I56<=274.15),"DARCINÓPOLIS","")&IF(AND(I56>=274.151,I56<=299.999),"BABAÇULÂNDIA","")&IF(AND(I56>=356.62,I56<=385.4),"ARAGUAÍNA","")&IF(AND(I56>=300.001,I56<=356.619),"BABAÇULÂNDIA","")&IF(AND(I56>=900,I56<=902),"ENG. VLI","") -> Palmeirante | K56: 120 | L56: =IF(K56<>"",VLOOKUP(K56,'Catálogo SAP'!A:F,3,FALSE),"") -> S.VP-01437 | M56: =IF(K56<>"",VLOOKUP(K56,'Catálogo SAP'!A:F,4,FALSE),"") -> Hr Produtiva Retroescavadeira C/Operador | N56: =IF(K56<>"",VLOOKUP(K56,'Catálogo SAP'!A:F,5,FALSE),"") -> H | O56: 9 | P56: =IF(G56="","-",G56-F56) -> 9 | Q56: =IF(K56="","-",N56*O56) -> #VALUE! | R56: =IF(J56<>"",VLOOKUP(J56,'RESUMO DR'!$B$4:$E$253,4,FALSE),"-") -> T-02 | S56: =IF(J56<>"",VLOOKUP(J56,'RESUMO DR'!$B$4:$E$253,3,FALSE),"-") -> ARAGUAINA
B57: 45643 | C57: REL-03 | D57: =IF(B57="","-",TEXT(B57,"ddd")) -> ter | E57: =IF(K57<>"",VLOOKUP(K57,'Catálogo SAP'!$A$1:$F$245,2,FALSE),"-") -> - | J57: =IF(AND(I57>=0.001,I57<=16),"AÇAILÂNDIA","")&IF(AND(I57>=16.001,I57<=44),"S.F. BREJÃO","")&IF(AND(I57>=44.001,I57<=78),"JOÃO LISBOA","")&IF(AND(I57>=78.001,I57<=96.397),"IMPERATRIZ","")&IF(AND(I57>=96.398,I57<=122.82),"EDSON LOBÃO","")&IF(AND(I57>=122.821,I57<=152.303),"RIBAMAR FIQUENE","")&IF(AND(I57>=152.304,I57<=172.403),"CAMPESTRE","")&IF(AND(I57>=172.404,I57<=195),"PORTO FRANCO","")&IF(AND(I57>=300,I57<=300),"SAO LUIS","")&IF(AND(I57>=385.4,I57<=465.4),"Palmeirante","")&IF(AND(I57>=465.401,I57<=520.455),"Tupiratins","")&IF(AND(I57>=520.456,I57<=536.741),"Guaraí","")&IF(AND(I57>=536.742,I57<=580.293),"Tupirama","")&IF(AND(I57>=580.294,I57<=608.637),"Rio dos Bois","")&IF(AND(I57>=608.638,I57<=698.981),"Miracema","")&IF(AND(I57>=698.982,I57<=735.6),"Porto Nacional","")&IF(AND(I57>=195.1,I57<=213.603),"ESTREITO","")&IF(AND(I57>=213.604,I57<=218.976),"AGUIARNÓPOLIS","")&IF(AND(I57>=218.977,I57<=253.5),"PALMEIRAS DO TOCANTINS","")&IF(AND(I57>=253.501,I57<=274.15),"DARCINÓPOLIS","")&IF(AND(I57>=274.151,I57<=299.999),"BABAÇULÂNDIA","")&IF(AND(I57>=356.62,I57<=385.4),"ARAGUAÍNA","")&IF(AND(I57>=300.001,I57<=356.619),"BABAÇULÂNDIA","")&IF(AND(I57>=900,I57<=902),"ENG. VLI","") | L57: =IF(K57<>"",VLOOKUP(K57,'Catálogo SAP'!A:F,3,FALSE),"") | M57: =IF(K57<>"",VLOOKUP(K57,'Catálogo SAP'!A:F,4,FALSE),"") | N57: =IF(K57<>"",VLOOKUP(K57,'Catálogo SAP'!A:F,5,FALSE),"") | P57: =IF(G57="","-",G57-F57) -> - | Q57: =IF(K57="","-",N57*O57) -> - | R57: =IF(J57<>"",VLOOKUP(J57,'RESUMO DR'!$B$4:$E$253,4,FALSE),"-") -> - | S57: =IF(J57<>"",VLOOKUP(J57,'RESUMO DR'!$B$4:$E$253,3,FALSE),"-") -> -
A58: 1794 | B58: 45643 | C58: MN-006 | D58: =IF(B58="","-",TEXT(B58,"ddd")) -> ter | E58: =IF(K58<>"",VLOOKUP(K58,'Catálogo SAP'!$A$1:$F$245,2,FALSE),"-") -> 280 | F58: 160 | G58: 169 | I58: 442 | J58: =IF(AND(I58>=0.001,I58<=16),"AÇAILÂNDIA","")&IF(AND(I58>=16.001,I58<=44),"S.F. BREJÃO","")&IF(AND(I58>=44.001,I58<=78),"JOÃO LISBOA","")&IF(AND(I58>=78.001,I58<=96.397),"IMPERATRIZ","")&IF(AND(I58>=96.398,I58<=122.82),"EDSON LOBÃO","")&IF(AND(I58>=122.821,I58<=152.303),"RIBAMAR FIQUENE","")&IF(AND(I58>=152.304,I58<=172.403),"CAMPESTRE","")&IF(AND(I58>=172.404,I58<=195),"PORTO FRANCO","")&IF(AND(I58>=300,I58<=300),"SAO LUIS","")&IF(AND(I58>=385.4,I58<=465.4),"Palmeirante","")&IF(AND(I58>=465.401,I58<=520.455),"Tupiratins","")&IF(AND(I58>=520.456,I58<=536.741),"Guaraí","")&IF(AND(I58>=536.742,I58<=580.293),"Tupirama","")&IF(AND(I58>=580.294,I58<=608.637),"Rio dos Bois","")&IF(AND(I58>=608.638,I58<=698.981),"Miracema","")&IF(AND(I58>=698.982,I58<=735.6),"Porto Nacional","")&IF(AND(I58>=195.1,I58<=213.603),"ESTREITO","")&IF(AND(I58>=213.604,I58<=218.976),"AGUIARNÓPOLIS","")&IF(AND(I58>=218.977,I58<=253.5),"PALMEIRAS DO TOCANTINS","")&IF(AND(I58>=253.501,I58<=274.15),"DARCINÓPOLIS","")&IF(AND(I58>=274.151,I58<=299.999),"BABAÇULÂNDIA","")&IF(AND(I58>=356.62,I58<=385.4),"ARAGUAÍNA","")&IF(AND(I58>=300.001,I58<=356.619),"BABAÇULÂNDIA","")&IF(AND(I58>=900,I58<=902),"ENG. VLI","") -> Palmeirante | K58: 280 | L58: =IF(K58<>"",VLOOKUP(K58,'Catálogo SAP'!A:F,3,FALSE),"") -> S.VP-01453 | M58: =IF(K58<>"",VLOOKUP(K58,'Catálogo SAP'!A:F,4,FALSE),"") -> Hora Produtiva Motoniveladora C/Operador | N58: =IF(K58<>"",VLOOKUP(K58,'Catálogo SAP'!A:F,5,FALSE),"") -> H | O58: 9 | P58: =IF(G58="","-",G58-F58) -> 9 | Q58: =IF(K58="","-",N58*O58) -> #VALUE! | R58: =IF(J58<>"",VLOOKUP(J58,'RESUMO DR'!$B$4:$E$253,4,FALSE),"-") -> T-02 | S58: =IF(J58<>"",VLOOKUP(J58,'RESUMO DR'!$B$4:$E$253,3,FALSE),"-") -> ARAGUAINA
B59: 45643 | C59: MN-006 | D59: =IF(B59="","-",TEXT(B59,"ddd")) -> ter | E59: =IF(K59<>"",VLOOKUP(K59,'Catálogo SAP'!$A$1:$F$245,2,FALSE),"-") -> - | J59: =IF(AND(I59>=0.001,I59<=16),"AÇAILÂNDIA","")&IF(AND(I59>=16.001,I59<=44),"S.F. BREJÃO","")&IF(AND(I59>=44.001,I59<=78),"JOÃO LISBOA","")&IF(AND(I59>=78.001,I59<=96.397),"IMPERATRIZ","")&IF(AND(I59>=96.398,I59<=122.82),"EDSON LOBÃO","")&IF(AND(I59>=122.821,I59<=152.303),"RIBAMAR FIQUENE","")&IF(AND(I59>=152.304,I59<=172.403),"CAMPESTRE","")&IF(AND(I59>=172.404,I59<=195),"PORTO FRANCO","")&IF(AND(I59>=300,I59<=300),"SAO LUIS","")&IF(AND(I59>=385.4,I59<=465.4),"Palmeirante","")&IF(AND(I59>=465.401,I59<=520.455),"Tupiratins","")&IF(AND(I59>=520.456,I59<=536.741),"Guaraí","")&IF(AND(I59>=536.742,I59<=580.293),"Tupirama","")&IF(AND(I59>=580.294,I59<=608.637),"Rio dos Bois","")&IF(AND(I59>=608.638,I59<=698.981),"Miracema","")&IF(AND(I59>=698.982,I59<=735.6),"Porto Nacional","")&IF(AND(I59>=195.1,I59<=213.603),"ESTREITO","")&IF(AND(I59>=213.604,I59<=218.976),"AGUIARNÓPOLIS","")&IF(AND(I59>=218.977,I59<=253.5),"PALMEIRAS DO TOCANTINS","")&IF(AND(I59>=253.501,I59<=274.15),"DARCINÓPOLIS","")&IF(AND(I59>=274.151,I59<=299.999),"BABAÇULÂNDIA","")&IF(AND(I59>=356.62,I59<=385.4),"ARAGUAÍNA","")&IF(AND(I59>=300.001,I59<=356.619),"BABAÇULÂNDIA","")&IF(AND(I59>=900,I59<=902),"ENG. VLI","") | L59: =IF(K59<>"",VLOOKUP(K59,'Catálogo SAP'!A:F,3,FALSE),"") | M59: =IF(K59<>"",VLOOKUP(K59,'Catálogo SAP'!A:F,4,FALSE),"") | N59: =IF(K59<>"",VLOOKUP(K59,'Catálogo SAP'!A:F,5,FALSE),"") | P59: =IF(G59="","-",G59-F59) -> - | Q59: =IF(K59="","-",N59*O59) -> - | R59: =IF(J59<>"",VLOOKUP(J59,'RESUMO DR'!$B$4:$E$253,4,FALSE),"-") -> - | S59: =IF(J59<>"",VLOOKUP(J59,'RESUMO DR'!$B$4:$E$253,3,FALSE),"-") -> -
A60: 1792 | B60: 45643 | C60: PC-007 | D60: =IF(B60="","-",TEXT(B60,"ddd")) -> ter | E60: =IF(K60<>"",VLOOKUP(K60,'Catálogo SAP'!$A$1:$F$245,2,FALSE),"-") -> 160 | F60: 118 | G60: 124 | I60: 563 | J60: =IF(AND(I60>=0.001,I60<=16),"AÇAILÂNDIA","")&IF(AND(I60>=16.001,I60<=44),"S.F. BREJÃO","")&IF(AND(I60>=44.001,I60<=78),"JOÃO LISBOA","")&IF(AND(I60>=78.001,I60<=96.397),"IMPERATRIZ","")&IF(AND(I60>=96.398,I60<=122.82),"EDSON LOBÃO","")&IF(AND(I60>=122.821,I60<=152.303),"RIBAMAR FIQUENE","")&IF(AND(I60>=152.304,I60<=172.403),"CAMPESTRE","")&IF(AND(I60>=172.404,I60<=195),"PORTO FRANCO","")&IF(AND(I60>=300,I60<=300),"SAO LUIS","")&IF(AND(I60>=385.4,I60<=465.4),"Palmeirante","")&IF(AND(I60>=465.401,I60<=520.455),"Tupiratins","")&IF(AND(I60>=520.456,I60<=536.741),"Guaraí","")&IF(AND(I60>=536.742,I60<=580.293),"Tupirama","")&IF(AND(I60>=580.294,I60<=608.637),"Rio dos Bois","")&IF(AND(I60>=608.638,I60<=698.981),"Miracema","")&IF(AND(I60>=698.982,I60<=735.6),"Porto Nacional","")&IF(AND(I60>=195.1,I60<=213.603),"ESTREITO","")&IF(AND(I60>=213.604,I60<=218.976),"AGUIARNÓPOLIS","")&IF(AND(I60>=218.977,I60<=253.5),"PALMEIRAS DO TOCANTINS","")&IF(AND(I60>=253.501,I60<=274.15),"DARCINÓPOLIS","")&IF(AND(I60>=274.151,I60<=299.999),"BABAÇULÂNDIA","")&IF(AND(I60>=356.62,I60<=385.4),"ARAGUAÍNA","")&IF(AND(I60>=300.001,I60<=356.619),"BABAÇULÂNDIA","")&IF(AND(I60>=900,I60<=902),"ENG. VLI","") -> Tupirama | K60: 160 | L60: =IF(K60<>"",VLOOKUP(K60,'Catálogo SAP'!A:F,3,FALSE),"") -> S.VP-01441 | M60: =IF(K60<>"",VLOOKUP(K60,'Catálogo SAP'!A:F,4,FALSE),"") -> Hora Produtiva Pa Carregadeira C/Operador | N60: =IF(K60<>"",VLOOKUP(K60,'Catálogo SAP'!A:F,5,FALSE),"") -> H | O60: 6 | P60: =IF(G60="","-",G60-F60) -> 6 | Q60: =IF(K60="","-",N60*O60) -> #VALUE! | R60: =IF(J60<>"",VLOOKUP(J60,'RESUMO DR'!$B$4:$E$253,4,FALSE),"-") -> T-03 | S60: =IF(J60<>"",VLOOKUP(J60,'RESUMO DR'!$B$4:$E$253,3,FALSE),"-") -> PALMAS
A61: 1792 | B61: 45643 | C61: PC-007 | D61: =IF(B61="","-",TEXT(B61,"ddd")) -> ter | E61: =IF(K61<>"",VLOOKUP(K61,'Catálogo SAP'!$A$1:$F$245,2,FALSE),"-") -> 170 | F61: 124 | G61: 124 | I61: 563 | J61: =IF(AND(I61>=0.001,I61<=16),"AÇAILÂNDIA","")&IF(AND(I61>=16.001,I61<=44),"S.F. BREJÃO","")&IF(AND(I61>=44.001,I61<=78),"JOÃO LISBOA","")&IF(AND(I61>=78.001,I61<=96.397),"IMPERATRIZ","")&IF(AND(I61>=96.398,I61<=122.82),"EDSON LOBÃO","")&IF(AND(I61>=122.821,I61<=152.303),"RIBAMAR FIQUENE","")&IF(AND(I61>=152.304,I61<=172.403),"CAMPESTRE","")&IF(AND(I61>=172.404,I61<=195),"PORTO FRANCO","")&IF(AND(I61>=300,I61<=300),"SAO LUIS","")&IF(AND(I61>=385.4,I61<=465.4),"Palmeirante","")&IF(AND(I61>=465.401,I61<=520.455),"Tupiratins","")&IF(AND(I61>=520.456,I61<=536.741),"Guaraí","")&IF(AND(I61>=536.742,I61<=580.293),"Tupirama","")&IF(AND(I61>=580.294,I61<=608.637),"Rio dos Bois","")&IF(AND(I61>=608.638,I61<=698.981),"Miracema","")&IF(AND(I61>=698.982,I61<=735.6),"Porto Nacional","")&IF(AND(I61>=195.1,I61<=213.603),"ESTREITO","")&IF(AND(I61>=213.604,I61<=218.976),"AGUIARNÓPOLIS","")&IF(AND(I61>=218.977,I61<=253.5),"PALMEIRAS DO TOCANTINS","")&IF(AND(I61>=253.501,I61<=274.15),"DARCINÓPOLIS","")&IF(AND(I61>=274.151,I61<=299.999),"BABAÇULÂNDIA","")&IF(AND(I61>=356.62,I61<=385.4),"ARAGUAÍNA","")&IF(AND(I61>=300.001,I61<=356.619),"BABAÇULÂNDIA","")&IF(AND(I61>=900,I61<=902),"ENG. VLI","") -> Tupirama | K61: 170 | L61: =IF(K61<>"",VLOOKUP(K61,'Catálogo SAP'!A:F,3,FALSE),"") -> S.VP-01442 | M61: =IF(K61<>"",VLOOKUP(K61,'Catálogo SAP'!A:F,4,FALSE),"") -> Hora Improdutiva Pa Carregadeira C/Operador | N61: =IF(K61<>"",VLOOKUP(K61,'Catálogo SAP'!A:F,5,FALSE),"") -> H | O61: 3 | P61: =IF(G61="","-",G61-F61) -> 0 | Q61: =IF(K61="","-",N61*O61) -> #VALUE! | R61: =IF(J61<>"",VLOOKUP(J61,'RESUMO DR'!$B$4:$E$253,4,FALSE),"-") -> T-03 | S61: =IF(J61<>"",VLOOKUP(J61,'RESUMO DR'!$B$4:$E$253,3,FALSE),"-") -> PALMAS
B62: 45643 | C62: MEL-01 | D62: =IF(B62="","-",TEXT(B62,"ddd")) -> ter | E62: =IF(K62<>"",VLOOKUP(K62,'Catálogo SAP'!$A$1:$F$245,2,FALSE),"-") -> - | J62: =IF(AND(I62>=0.001,I62<=16),"AÇAILÂNDIA","")&IF(AND(I62>=16.001,I62<=44),"S.F. BREJÃO","")&IF(AND(I62>=44.001,I62<=78),"JOÃO LISBOA","")&IF(AND(I62>=78.001,I62<=96.397),"IMPERATRIZ","")&IF(AND(I62>=96.398,I62<=122.82),"EDSON LOBÃO","")&IF(AND(I62>=122.821,I62<=152.303),"RIBAMAR FIQUENE","")&IF(AND(I62>=152.304,I62<=172.403),"CAMPESTRE","")&IF(AND(I62>=172.404,I62<=195),"PORTO FRANCO","")&IF(AND(I62>=300,I62<=300),"SAO LUIS","")&IF(AND(I62>=385.4,I62<=465.4),"Palmeirante","")&IF(AND(I62>=465.401,I62<=520.455),"Tupiratins","")&IF(AND(I62>=520.456,I62<=536.741),"Guaraí","")&IF(AND(I62>=536.742,I62<=580.293),"Tupirama","")&IF(AND(I62>=580.294,I62<=608.637),"Rio dos Bois","")&IF(AND(I62>=608.638,I62<=698.981),"Miracema","")&IF(AND(I62>=698.982,I62<=735.6),"Porto Nacional","")&IF(AND(I62>=195.1,I62<=213.603),"ESTREITO","")&IF(AND(I62>=213.604,I62<=218.976),"AGUIARNÓPOLIS","")&IF(AND(I62>=218.977,I62<=253.5),"PALMEIRAS DO TOCANTINS","")&IF(AND(I62>=253.501,I62<=274.15),"DARCINÓPOLIS","")&IF(AND(I62>=274.151,I62<=299.999),"BABAÇULÂNDIA","")&IF(AND(I62>=356.62,I62<=385.4),"ARAGUAÍNA","")&IF(AND(I62>=300.001,I62<=356.619),"BABAÇULÂNDIA","")&IF(AND(I62>=900,I62<=902),"ENG. VLI","") | L62: =IF(K62<>"",VLOOKUP(K62,'Catálogo SAP'!A:F,3,FALSE),"") | M62: =IF(K62<>"",VLOOKUP(K62,'Catálogo SAP'!A:F,4,FALSE),"") | N62: =IF(K62<>"",VLOOKUP(K62,'Catálogo SAP'!A:F,5,FALSE),"") | P62: =IF(G62="","-",G62-F62) -> - | Q62: =IF(K62="","-",N62*O62) -> - | R62: =IF(J62<>"",VLOOKUP(J62,'RESUMO DR'!$B$4:$E$253,4,FALSE),"-") -> - | S62: =IF(J62<>"",VLOOKUP(J62,'RESUMO DR'!$B$4:$E$253,3,FALSE),"-") -> -
B63: 45643 | C63: MEL-01 | D63: =IF(B63="","-",TEXT(B63,"ddd")) -> ter | E63: =IF(K63<>"",VLOOKUP(K63,'Catálogo SAP'!$A$1:$F$245,2,FALSE),"-") -> - | J63: =IF(AND(I63>=0.001,I63<=16),"AÇAILÂNDIA","")&IF(AND(I63>=16.001,I63<=44),"S.F. BREJÃO","")&IF(AND(I63>=44.001,I63<=78),"JOÃO LISBOA","")&IF(AND(I63>=78.001,I63<=96.397),"IMPERATRIZ","")&IF(AND(I63>=96.398,I63<=122.82),"EDSON LOBÃO","")&IF(AND(I63>=122.821,I63<=152.303),"RIBAMAR FIQUENE","")&IF(AND(I63>=152.304,I63<=172.403),"CAMPESTRE","")&IF(AND(I63>=172.404,I63<=195),"PORTO FRANCO","")&IF(AND(I63>=300,I63<=300),"SAO LUIS","")&IF(AND(I63>=385.4,I63<=465.4),"Palmeirante","")&IF(AND(I63>=465.401,I63<=520.455),"Tupiratins","")&IF(AND(I63>=520.456,I63<=536.741),"Guaraí","")&IF(AND(I63>=536.742,I63<=580.293),"Tupirama","")&IF(AND(I63>=580.294,I63<=608.637),"Rio dos Bois","")&IF(AND(I63>=608.638,I63<=698.981),"Miracema","")&IF(AND(I63>=698.982,I63<=735.6),"Porto Nacional","")&IF(AND(I63>=195.1,I63<=213.603),"ESTREITO","")&IF(AND(I63>=213.604,I63<=218.976),"AGUIARNÓPOLIS","")&IF(AND(I63>=218.977,I63<=253.5),"PALMEIRAS DO TOCANTINS","")&IF(AND(I63>=253.501,I63<=274.15),"DARCINÓPOLIS","")&IF(AND(I63>=274.151,I63<=299.999),"BABAÇULÂNDIA","")&IF(AND(I63>=356.62,I63<=385.4),"ARAGUAÍNA","")&IF(AND(I63>=300.001,I63<=356.619),"BABAÇULÂNDIA","")&IF(AND(I63>=900,I63<=902),"ENG. VLI","") | L63: =IF(K63<>"",VLOOKUP(K63,'Catálogo SAP'!A:F,3,FALSE),"") | M63: =IF(K63<>"",VLOOKUP(K63,'Catálogo SAP'!A:F,4,FALSE),"") | N63: =IF(K63<>"",VLOOKUP(K63,'Catálogo SAP'!A:F,5,FALSE),"") | P63: =IF(G63="","-",G63-F63) -> - | Q63: =IF(K63="","-",N63*O63) -> - | R63: =IF(J63<>"",VLOOKUP(J63,'RESUMO DR'!$B$4:$E$253,4,FALSE),"-") -> - | S63: =IF(J63<>"",VLOOKUP(J63,'RESUMO DR'!$B$4:$E$253,3,FALSE),"-") -> -
A64: 1455 | B64: 45643 | C64: PCL-002 | D64: =IF(B64="","-",TEXT(B64,"ddd")) -> ter | E64: =IF(K64<>"",VLOOKUP(K64,'Catálogo SAP'!$A$1:$F$245,2,FALSE),"-") -> 160 | F64: 1335 | G64: 1344 | I64: 142 | J64: =IF(AND(I64>=0.001,I64<=16),"AÇAILÂNDIA","")&IF(AND(I64>=16.001,I64<=44),"S.F. BREJÃO","")&IF(AND(I64>=44.001,I64<=78),"JOÃO LISBOA","")&IF(AND(I64>=78.001,I64<=96.397),"IMPERATRIZ","")&IF(AND(I64>=96.398,I64<=122.82),"EDSON LOBÃO","")&IF(AND(I64>=122.821,I64<=152.303),"RIBAMAR FIQUENE","")&IF(AND(I64>=152.304,I64<=172.403),"CAMPESTRE","")&IF(AND(I64>=172.404,I64<=195),"PORTO FRANCO","")&IF(AND(I64>=300,I64<=300),"SAO LUIS","")&IF(AND(I64>=385.4,I64<=465.4),"Palmeirante","")&IF(AND(I64>=465.401,I64<=520.455),"Tupiratins","")&IF(AND(I64>=520.456,I64<=536.741),"Guaraí","")&IF(AND(I64>=536.742,I64<=580.293),"Tupirama","")&IF(AND(I64>=580.294,I64<=608.637),"Rio dos Bois","")&IF(AND(I64>=608.638,I64<=698.981),"Miracema","")&IF(AND(I64>=698.982,I64<=735.6),"Porto Nacional","")&IF(AND(I64>=195.1,I64<=213.603),"ESTREITO","")&IF(AND(I64>=213.604,I64<=218.976),"AGUIARNÓPOLIS","")&IF(AND(I64>=218.977,I64<=253.5),"PALMEIRAS DO TOCANTINS","")&IF(AND(I64>=253.501,I64<=274.15),"DARCINÓPOLIS","")&IF(AND(I64>=274.151,I64<=299.999),"BABAÇULÂNDIA","")&IF(AND(I64>=356.62,I64<=385.4),"ARAGUAÍNA","")&IF(AND(I64>=300.001,I64<=356.619),"BABAÇULÂNDIA","")&IF(AND(I64>=900,I64<=902),"ENG. VLI","") -> RIBAMAR FIQUENE | K64: 160 | L64: =IF(K64<>"",VLOOKUP(K64,'Catálogo SAP'!A:F,3,FALSE),"") -> S.VP-01441 | M64: =IF(K64<>"",VLOOKUP(K64,'Catálogo SAP'!A:F,4,FALSE),"") -> Hora Produtiva Pa Carregadeira C/Operador | N64: =IF(K64<>"",VLOOKUP(K64,'Catálogo SAP'!A:F,5,FALSE),"") -> H | O64: 9 | P64: =IF(G64="","-",G64-F64) -> 9 | Q64: =IF(K64="","-",N64*O64) -> #VALUE! | R64: =IF(J64<>"",VLOOKUP(J64,'RESUMO DR'!$B$4:$E$253,4,FALSE),"-") -> T-01 | S64: =IF(J64<>"",VLOOKUP(J64,'RESUMO DR'!$B$4:$E$253,3,FALSE),"-") -> IMPERATRIZ
A65: 1790 | B65: 45643 | C65: MN-07 | D65: =IF(B65="","-",TEXT(B65,"ddd")) -> ter | E65: =IF(K65<>"",VLOOKUP(K65,'Catálogo SAP'!$A$1:$F$245,2,FALSE),"-") -> 280 | F65: 248 | G65: 257 | I65: 578 | J65: =IF(AND(I65>=0.001,I65<=16),"AÇAILÂNDIA","")&IF(AND(I65>=16.001,I65<=44),"S.F. BREJÃO","")&IF(AND(I65>=44.001,I65<=78),"JOÃO LISBOA","")&IF(AND(I65>=78.001,I65<=96.397),"IMPERATRIZ","")&IF(AND(I65>=96.398,I65<=122.82),"EDSON LOBÃO","")&IF(AND(I65>=122.821,I65<=152.303),"RIBAMAR FIQUENE","")&IF(AND(I65>=152.304,I65<=172.403),"CAMPESTRE","")&IF(AND(I65>=172.404,I65<=195),"PORTO FRANCO","")&IF(AND(I65>=300,I65<=300),"SAO LUIS","")&IF(AND(I65>=385.4,I65<=465.4),"Palmeirante","")&IF(AND(I65>=465.401,I65<=520.455),"Tupiratins","")&IF(AND(I65>=520.456,I65<=536.741),"Guaraí","")&IF(AND(I65>=536.742,I65<=580.293),"Tupirama","")&IF(AND(I65>=580.294,I65<=608.637),"Rio dos Bois","")&IF(AND(I65>=608.638,I65<=698.981),"Miracema","")&IF(AND(I65>=698.982,I65<=735.6),"Porto Nacional","")&IF(AND(I65>=195.1,I65<=213.603),"ESTREITO","")&IF(AND(I65>=213.604,I65<=218.976),"AGUIARNÓPOLIS","")&IF(AND(I65>=218.977,I65<=253.5),"PALMEIRAS DO TOCANTINS","")&IF(AND(I65>=253.501,I65<=274.15),"DARCINÓPOLIS","")&IF(AND(I65>=274.151,I65<=299.999),"BABAÇULÂNDIA","")&IF(AND(I65>=356.62,I65<=385.4),"ARAGUAÍNA","")&IF(AND(I65>=300.001,I65<=356.619),"BABAÇULÂNDIA","")&IF(AND(I65>=900,I65<=902),"ENG. VLI","") -> Tupirama | K65: 280 | L65: =IF(K65<>"",VLOOKUP(K65,'Catálogo SAP'!A:F,3,FALSE),"") -> S.VP-01453 | M65: =IF(K65<>"",VLOOKUP(K65,'Catálogo SAP'!A:F,4,FALSE),"") -> Hora Produtiva Motoniveladora C/Operador | N65: =IF(K65<>"",VLOOKUP(K65,'Catálogo SAP'!A:F,5,FALSE),"") -> H | O65: 9 | P65: =IF(G65="","-",G65-F65) -> 9 | Q65: =IF(K65="","-",N65*O65) -> #VALUE! | R65: =IF(J65<>"",VLOOKUP(J65,'RESUMO DR'!$B$4:$E$253,4,FALSE),"-") -> T-03 | S65: =IF(J65<>"",VLOOKUP(J65,'RESUMO DR'!$B$4:$E$253,3,FALSE),"-") -> PALMAS
B66: 45643 | C66: MN-07 | D66: =IF(B66="","-",TEXT(B66,"ddd")) -> ter | E66: =IF(K66<>"",VLOOKUP(K66,'Catálogo SAP'!$A$1:$F$245,2,FALSE),"-") -> - | J66: =IF(AND(I66>=0.001,I66<=16),"AÇAILÂNDIA","")&IF(AND(I66>=16.001,I66<=44),"S.F. BREJÃO","")&IF(AND(I66>=44.001,I66<=78),"JOÃO LISBOA","")&IF(AND(I66>=78.001,I66<=96.397),"IMPERATRIZ","")&IF(AND(I66>=96.398,I66<=122.82),"EDSON LOBÃO","")&IF(AND(I66>=122.821,I66<=152.303),"RIBAMAR FIQUENE","")&IF(AND(I66>=152.304,I66<=172.403),"CAMPESTRE","")&IF(AND(I66>=172.404,I66<=195),"PORTO FRANCO","")&IF(AND(I66>=300,I66<=300),"SAO LUIS","")&IF(AND(I66>=385.4,I66<=465.4),"Palmeirante","")&IF(AND(I66>=465.401,I66<=520.455),"Tupiratins","")&IF(AND(I66>=520.456,I66<=536.741),"Guaraí","")&IF(AND(I66>=536.742,I66<=580.293),"Tupirama","")&IF(AND(I66>=580.294,I66<=608.637),"Rio dos Bois","")&IF(AND(I66>=608.638,I66<=698.981),"Miracema","")&IF(AND(I66>=698.982,I66<=735.6),"Porto Nacional","")&IF(AND(I66>=195.1,I66<=213.603),"ESTREITO","")&IF(AND(I66>=213.604,I66<=218.976),"AGUIARNÓPOLIS","")&IF(AND(I66>=218.977,I66<=253.5),"PALMEIRAS DO TOCANTINS","")&IF(AND(I66>=253.501,I66<=274.15),"DARCINÓPOLIS","")&IF(AND(I66>=274.151,I66<=299.999),"BABAÇULÂNDIA","")&IF(AND(I66>=356.62,I66<=385.4),"ARAGUAÍNA","")&IF(AND(I66>=300.001,I66<=356.619),"BABAÇULÂNDIA","")&IF(AND(I66>=900,I66<=902),"ENG. VLI","") | L66: =IF(K66<>"",VLOOKUP(K66,'Catálogo SAP'!A:F,3,FALSE),"") | M66: =IF(K66<>"",VLOOKUP(K66,'Catálogo SAP'!A:F,4,FALSE),"") | N66: =IF(K66<>"",VLOOKUP(K66,'Catálogo SAP'!A:F,5,FALSE),"") | P66: =IF(G66="","-",G66-F66) -> - | Q66: =IF(K66="","-",N66*O66) -> - | R66: =IF(J66<>"",VLOOKUP(J66,'RESUMO DR'!$B$4:$E$253,4,FALSE),"-") -> - | S66: =IF(J66<>"",VLOOKUP(J66,'RESUMO DR'!$B$4:$E$253,3,FALSE),"-") -> -
A67: 1796 | B67: 45643 | C67: CBL-053 | D67: =IF(B67="","-",TEXT(B67,"ddd")) -> ter | E67: =IF(K67<>"",VLOOKUP(K67,'Catálogo SAP'!$A$1:$F$245,2,FALSE),"-") -> 200 | F67: 68664 | G67: 69134 | I67: 442 | J67: =IF(AND(I67>=0.001,I67<=16),"AÇAILÂNDIA","")&IF(AND(I67>=16.001,I67<=44),"S.F. BREJÃO","")&IF(AND(I67>=44.001,I67<=78),"JOÃO LISBOA","")&IF(AND(I67>=78.001,I67<=96.397),"IMPERATRIZ","")&IF(AND(I67>=96.398,I67<=122.82),"EDSON LOBÃO","")&IF(AND(I67>=122.821,I67<=152.303),"RIBAMAR FIQUENE","")&IF(AND(I67>=152.304,I67<=172.403),"CAMPESTRE","")&IF(AND(I67>=172.404,I67<=195),"PORTO FRANCO","")&IF(AND(I67>=300,I67<=300),"SAO LUIS","")&IF(AND(I67>=385.4,I67<=465.4),"Palmeirante","")&IF(AND(I67>=465.401,I67<=520.455),"Tupiratins","")&IF(AND(I67>=520.456,I67<=536.741),"Guaraí","")&IF(AND(I67>=536.742,I67<=580.293),"Tupirama","")&IF(AND(I67>=580.294,I67<=608.637),"Rio dos Bois","")&IF(AND(I67>=608.638,I67<=698.981),"Miracema","")&IF(AND(I67>=698.982,I67<=735.6),"Porto Nacional","")&IF(AND(I67>=195.1,I67<=213.603),"ESTREITO","")&IF(AND(I67>=213.604,I67<=218.976),"AGUIARNÓPOLIS","")&IF(AND(I67>=218.977,I67<=253.5),"PALMEIRAS DO TOCANTINS","")&IF(AND(I67>=253.501,I67<=274.15),"DARCINÓPOLIS","")&IF(AND(I67>=274.151,I67<=299.999),"BABAÇULÂNDIA","")&IF(AND(I67>=356.62,I67<=385.4),"ARAGUAÍNA","")&IF(AND(I67>=300.001,I67<=356.619),"BABAÇULÂNDIA","")&IF(AND(I67>=900,I67<=902),"ENG. VLI","") -> Palmeirante | K67: 200 | L67: =IF(K67<>"",VLOOKUP(K67,'Catálogo SAP'!A:F,3,FALSE),"") -> S.VP-01445 | M67: =IF(K67<>"",VLOOKUP(K67,'Catálogo SAP'!A:F,4,FALSE),"") -> Km Rodado Caminhão Basculante - C/Motorista | N67: =IF(K67<>"",VLOOKUP(K67,'Catálogo SAP'!A:F,5,FALSE),"") -> KM | O67: 470 | P67: =IF(G67="","-",G67-F67) -> 470 | Q67: =IF(K67="","-",N67*O67) -> #VALUE! | R67: =IF(J67<>"",VLOOKUP(J67,'RESUMO DR'!$B$4:$E$253,4,FALSE),"-") -> T-02 | S67: =IF(J67<>"",VLOOKUP(J67,'RESUMO DR'!$B$4:$E$253,3,FALSE),"-") -> ARAGUAINA
A68: 1791 | B68: 45643 | C68: REL-04 | D68: =IF(B68="","-",TEXT(B68,"ddd")) -> ter | E68: =IF(K68<>"",VLOOKUP(K68,'Catálogo SAP'!$A$1:$F$245,2,FALSE),"-") -> 120 | F68: 102 | G68: 109 | I68: 452 | J68: =IF(AND(I68>=0.001,I68<=16),"AÇAILÂNDIA","")&IF(AND(I68>=16.001,I68<=44),"S.F. BREJÃO","")&IF(AND(I68>=44.001,I68<=78),"JOÃO LISBOA","")&IF(AND(I68>=78.001,I68<=96.397),"IMPERATRIZ","")&IF(AND(I68>=96.398,I68<=122.82),"EDSON LOBÃO","")&IF(AND(I68>=122.821,I68<=152.303),"RIBAMAR FIQUENE","")&IF(AND(I68>=152.304,I68<=172.403),"CAMPESTRE","")&IF(AND(I68>=172.404,I68<=195),"PORTO FRANCO","")&IF(AND(I68>=300,I68<=300),"SAO LUIS","")&IF(AND(I68>=385.4,I68<=465.4),"Palmeirante","")&IF(AND(I68>=465.401,I68<=520.455),"Tupiratins","")&IF(AND(I68>=520.456,I68<=536.741),"Guaraí","")&IF(AND(I68>=536.742,I68<=580.293),"Tupirama","")&IF(AND(I68>=580.294,I68<=608.637),"Rio dos Bois","")&IF(AND(I68>=608.638,I68<=698.981),"Miracema","")&IF(AND(I68>=698.982,I68<=735.6),"Porto Nacional","")&IF(AND(I68>=195.1,I68<=213.603),"ESTREITO","")&IF(AND(I68>=213.604,I68<=218.976),"AGUIARNÓPOLIS","")&IF(AND(I68>=218.977,I68<=253.5),"PALMEIRAS DO TOCANTINS","")&IF(AND(I68>=253.501,I68<=274.15),"DARCINÓPOLIS","")&IF(AND(I68>=274.151,I68<=299.999),"BABAÇULÂNDIA","")&IF(AND(I68>=356.62,I68<=385.4),"ARAGUAÍNA","")&IF(AND(I68>=300.001,I68<=356.619),"BABAÇULÂNDIA","")&IF(AND(I68>=900,I68<=902),"ENG. VLI","") -> Palmeirante | K68: 120 | L68: =IF(K68<>"",VLOOKUP(K68,'Catálogo SAP'!A:F,3,FALSE),"") -> S.VP-01437 | M68: =IF(K68<>"",VLOOKUP(K68,'Catálogo SAP'!A:F,4,FALSE),"") -> Hr Produtiva Retroescavadeira C/Operador | N68: =IF(K68<>"",VLOOKUP(K68,'Catálogo SAP'!A:F,5,FALSE),"") -> H | O68: 7 | P68: =IF(G68="","-",G68-F68) -> 7 | Q68: =IF(K68="","-",N68*O68) -> #VALUE! | R68: T-03 | S68: PALMAS
A69: 1799 | B69: 45643 | C69: MEL-01 | D69: =IF(B69="","-",TEXT(B69,"ddd")) -> ter | E69: =IF(K69<>"",VLOOKUP(K69,'Catálogo SAP'!$A$1:$F$245,2,FALSE),"-") -> 480 | F69: 3353 | G69: 3359 | I69: 91 | J69: =IF(AND(I69>=0.001,I69<=16),"AÇAILÂNDIA","")&IF(AND(I69>=16.001,I69<=44),"S.F. BREJÃO","")&IF(AND(I69>=44.001,I69<=78),"JOÃO LISBOA","")&IF(AND(I69>=78.001,I69<=96.397),"IMPERATRIZ","")&IF(AND(I69>=96.398,I69<=122.82),"EDSON LOBÃO","")&IF(AND(I69>=122.821,I69<=152.303),"RIBAMAR FIQUENE","")&IF(AND(I69>=152.304,I69<=172.403),"CAMPESTRE","")&IF(AND(I69>=172.404,I69<=195),"PORTO FRANCO","")&IF(AND(I69>=300,I69<=300),"SAO LUIS","")&IF(AND(I69>=385.4,I69<=465.4),"Palmeirante","")&IF(AND(I69>=465.401,I69<=520.455),"Tupiratins","")&IF(AND(I69>=520.456,I69<=536.741),"Guaraí","")&IF(AND(I69>=536.742,I69<=580.293),"Tupirama","")&IF(AND(I69>=580.294,I69<=608.637),"Rio dos Bois","")&IF(AND(I69>=608.638,I69<=698.981),"Miracema","")&IF(AND(I69>=698.982,I69<=735.6),"Porto Nacional","")&IF(AND(I69>=195.1,I69<=213.603),"ESTREITO","")&IF(AND(I69>=213.604,I69<=218.976),"AGUIARNÓPOLIS","")&IF(AND(I69>=218.977,I69<=253.5),"PALMEIRAS DO TOCANTINS","")&IF(AND(I69>=253.501,I69<=274.15),"DARCINÓPOLIS","")&IF(AND(I69>=274.151,I69<=299.999),"BABAÇULÂNDIA","")&IF(AND(I69>=356.62,I69<=385.4),"ARAGUAÍNA","")&IF(AND(I69>=300.001,I69<=356.619),"BABAÇULÂNDIA","")&IF(AND(I69>=900,I69<=902),"ENG. VLI","") -> IMPERATRIZ | K69: 480 | L69: =IF(K69<>"",VLOOKUP(K69,'Catálogo SAP'!A:F,3,FALSE),"") -> S.VP-01465 | M69: =IF(K69<>"",VLOOKUP(K69,'Catálogo SAP'!A:F,4,FALSE),"") -> Hora Produtiva Miniescavadeira Hidraulica C/ Operador | N69: =IF(K69<>"",VLOOKUP(K69,'Catálogo SAP'!A:F,5,FALSE),"") -> H | O69: 6 | P69: =IF(G69="","-",G69-F69) -> 6 | Q69: =IF(K69="","-",N69*O69) -> #VALUE! | R69: =IF(J69<>"",VLOOKUP(J69,'RESUMO DR'!$B$4:$E$253,4,FALSE),"-") -> T-01 | S69: =IF(J69<>"",VLOOKUP(J69,'RESUMO DR'!$B$4:$E$253,3,FALSE),"-") -> IMPERATRIZ
A70: 1799 | B70: 45643 | C70: MEL-01 | D70: =IF(B70="","-",TEXT(B70,"ddd")) -> ter | E70: =IF(K70<>"",VLOOKUP(K70,'Catálogo SAP'!$A$1:$F$245,2,FALSE),"-") -> 490 | F70: 3359 | G70: 3359 | I70: 91 | J70: =IF(AND(I70>=0.001,I70<=16),"AÇAILÂNDIA","")&IF(AND(I70>=16.001,I70<=44),"S.F. BREJÃO","")&IF(AND(I70>=44.001,I70<=78),"JOÃO LISBOA","")&IF(AND(I70>=78.001,I70<=96.397),"IMPERATRIZ","")&IF(AND(I70>=96.398,I70<=122.82),"EDSON LOBÃO","")&IF(AND(I70>=122.821,I70<=152.303),"RIBAMAR FIQUENE","")&IF(AND(I70>=152.304,I70<=172.403),"CAMPESTRE","")&IF(AND(I70>=172.404,I70<=195),"PORTO FRANCO","")&IF(AND(I70>=300,I70<=300),"SAO LUIS","")&IF(AND(I70>=385.4,I70<=465.4),"Palmeirante","")&IF(AND(I70>=465.401,I70<=520.455),"Tupiratins","")&IF(AND(I70>=520.456,I70<=536.741),"Guaraí","")&IF(AND(I70>=536.742,I70<=580.293),"Tupirama","")&IF(AND(I70>=580.294,I70<=608.637),"Rio dos Bois","")&IF(AND(I70>=608.638,I70<=698.981),"Miracema","")&IF(AND(I70>=698.982,I70<=735.6),"Porto Nacional","")&IF(AND(I70>=195.1,I70<=213.603),"ESTREITO","")&IF(AND(I70>=213.604,I70<=218.976),"AGUIARNÓPOLIS","")&IF(AND(I70>=218.977,I70<=253.5),"PALMEIRAS DO TOCANTINS","")&IF(AND(I70>=253.501,I70<=274.15),"DARCINÓPOLIS","")&IF(AND(I70>=274.151,I70<=299.999),"BABAÇULÂNDIA","")&IF(AND(I70>=356.62,I70<=385.4),"ARAGUAÍNA","")&IF(AND(I70>=300.001,I70<=356.619),"BABAÇULÂNDIA","")&IF(AND(I70>=900,I70<=902),"ENG. VLI","") -> IMPERATRIZ | K70: 490 | L70: =IF(K70<>"",VLOOKUP(K70,'Catálogo SAP'!A:F,3,FALSE),"") -> S.VP-01466 | M70: =IF(K70<>"",VLOOKUP(K70,'Catálogo SAP'!A:F,4,FALSE),"") -> Hora Improdutiva Miniescavadeira Hidraulica C/ Operador | N70: =IF(K70<>"",VLOOKUP(K70,'Catálogo SAP'!A:F,5,FALSE),"") -> H | O70: 3 | P70: =IF(G70="","-",G70-F70) -> 0 | Q70: =IF(K70="","-",N70*O70) -> #VALUE! | R70: =IF(J70<>"",VLOOKUP(J70,'RESUMO DR'!$B$4:$E$253,4,FALSE),"-") -> T-01 | S70: =IF(J70<>"",VLOOKUP(J70,'RESUMO DR'!$B$4:$E$253,3,FALSE),"-") -> IMPERATRIZ
A71: 1791 | B71: 45643 | C71: REL-04 | D71: =IF(B71="","-",TEXT(B71,"ddd")) -> ter | E71: =IF(K71<>"",VLOOKUP(K71,'Catálogo SAP'!$A$1:$F$245,2,FALSE),"-") -> 130 | F71: 109 | G71: 109 | I71: 452 | J71: =IF(AND(I71>=0.001,I71<=16),"AÇAILÂNDIA","")&IF(AND(I71>=16.001,I71<=44),"S.F. BREJÃO","")&IF(AND(I71>=44.001,I71<=78),"JOÃO LISBOA","")&IF(AND(I71>=78.001,I71<=96.397),"IMPERATRIZ","")&IF(AND(I71>=96.398,I71<=122.82),"EDSON LOBÃO","")&IF(AND(I71>=122.821,I71<=152.303),"RIBAMAR FIQUENE","")&IF(AND(I71>=152.304,I71<=172.403),"CAMPESTRE","")&IF(AND(I71>=172.404,I71<=195),"PORTO FRANCO","")&IF(AND(I71>=300,I71<=300),"SAO LUIS","")&IF(AND(I71>=385.4,I71<=465.4),"Palmeirante","")&IF(AND(I71>=465.401,I71<=520.455),"Tupiratins","")&IF(AND(I71>=520.456,I71<=536.741),"Guaraí","")&IF(AND(I71>=536.742,I71<=580.293),"Tupirama","")&IF(AND(I71>=580.294,I71<=608.637),"Rio dos Bois","")&IF(AND(I71>=608.638,I71<=698.981),"Miracema","")&IF(AND(I71>=698.982,I71<=735.6),"Porto Nacional","")&IF(AND(I71>=195.1,I71<=213.603),"ESTREITO","")&IF(AND(I71>=213.604,I71<=218.976),"AGUIARNÓPOLIS","")&IF(AND(I71>=218.977,I71<=253.5),"PALMEIRAS DO TOCANTINS","")&IF(AND(I71>=253.501,I71<=274.15),"DARCINÓPOLIS","")&IF(AND(I71>=274.151,I71<=299.999),"BABAÇULÂNDIA","")&IF(AND(I71>=356.62,I71<=385.4),"ARAGUAÍNA","")&IF(AND(I71>=300.001,I71<=356.619),"BABAÇULÂNDIA","")&IF(AND(I71>=900,I71<=902),"ENG. VLI","") -> Palmeirante | K71: 130 | L71: =IF(K71<>"",VLOOKUP(K71,'Catálogo SAP'!A:F,3,FALSE),"") -> S.VP-01438 | M71: =IF(K71<>"",VLOOKUP(K71,'Catálogo SAP'!A:F,4,FALSE),"") -> Hr Improdutiva Retroescavadeira C/Operador | N71: =IF(K71<>"",VLOOKUP(K71,'Catálogo SAP'!A:F,5,FALSE),"") -> H | O71: 2 | P71: =IF(G71="","-",G71-F71) -> 0 | Q71: =IF(K71="","-",N71*O71) -> #VALUE! | R71: T-03 | S71: PALMAS
D72: =IF(B72="","-",TEXT(B72,"ddd")) -> - | E72: =IF(K72<>"",VLOOKUP(K72,'Catálogo SAP'!$A$1:$F$245,2,FALSE),"-") -> - | J72: =IF(AND(I72>=0.001,I72<=16),"AÇAILÂNDIA","")&IF(AND(I72>=16.001,I72<=44),"S.F. BREJÃO","")&IF(AND(I72>=44.001,I72<=78),"JOÃO LISBOA","")&IF(AND(I72>=78.001,I72<=96.397),"IMPERATRIZ","")&IF(AND(I72>=96.398,I72<=122.82),"EDSON LOBÃO","")&IF(AND(I72>=122.821,I72<=152.303),"RIBAMAR FIQUENE","")&IF(AND(I72>=152.304,I72<=172.403),"CAMPESTRE","")&IF(AND(I72>=172.404,I72<=195),"PORTO FRANCO","")&IF(AND(I72>=300,I72<=300),"SAO LUIS","")&IF(AND(I72>=385.4,I72<=465.4),"Palmeirante","")&IF(AND(I72>=465.401,I72<=520.455),"Tupiratins","")&IF(AND(I72>=520.456,I72<=536.741),"Guaraí","")&IF(AND(I72>=536.742,I72<=580.293),"Tupirama","")&IF(AND(I72>=580.294,I72<=608.637),"Rio dos Bois","")&IF(AND(I72>=608.638,I72<=698.981),"Miracema","")&IF(AND(I72>=698.982,I72<=735.6),"Porto Nacional","")&IF(AND(I72>=195.1,I72<=213.603),"ESTREITO","")&IF(AND(I72>=213.604,I72<=218.976),"AGUIARNÓPOLIS","")&IF(AND(I72>=218.977,I72<=253.5),"PALMEIRAS DO TOCANTINS","")&IF(AND(I72>=253.501,I72<=274.15),"DARCINÓPOLIS","")&IF(AND(I72>=274.151,I72<=299.999),"BABAÇULÂNDIA","")&IF(AND(I72>=356.62,I72<=385.4),"ARAGUAÍNA","")&IF(AND(I72>=300.001,I72<=356.619),"BABAÇULÂNDIA","")&IF(AND(I72>=900,I72<=902),"ENG. VLI","") | L72: =IF(K72<>"",VLOOKUP(K72,'Catálogo SAP'!A:F,3,FALSE),"") | M72: =IF(K72<>"",VLOOKUP(K72,'Catálogo SAP'!A:F,4,FALSE),"") | N72: =IF(K72<>"",VLOOKUP(K72,'Catálogo SAP'!A:F,5,FALSE),"") | P72: =IF(G72="","-",G72-F72) -> - | Q72: =IF(K72="","-",N72*O72) -> - | R72: =IF(J72<>"",VLOOKUP(J72,'RESUMO DR'!$B$4:$E$253,4,FALSE),"-") -> - | S72: =IF(J72<>"",VLOOKUP(J72,'RESUMO DR'!$B$4:$E$253,3,FALSE),"-") -> -
A73: 1554 | B73: 45644 | C73: RE-017 | D73: =IF(B73="","-",TEXT(B73,"ddd")) -> qua | E73: =IF(K73<>"",VLOOKUP(K73,'Catálogo SAP'!$A$1:$F$245,2,FALSE),"-") -> 120 | F73: 8666 | G73: 8671 | I73: 300 | J73: =IF(AND(I73>=0.001,I73<=16),"AÇAILÂNDIA","")&IF(AND(I73>=16.001,I73<=44),"S.F. BREJÃO","")&IF(AND(I73>=44.001,I73<=78),"JOÃO LISBOA","")&IF(AND(I73>=78.001,I73<=96.397),"IMPERATRIZ","")&IF(AND(I73>=96.398,I73<=122.82),"EDSON LOBÃO","")&IF(AND(I73>=122.821,I73<=152.303),"RIBAMAR FIQUENE","")&IF(AND(I73>=152.304,I73<=172.403),"CAMPESTRE","")&IF(AND(I73>=172.404,I73<=195),"PORTO FRANCO","")&IF(AND(I73>=300,I73<=300),"SAO LUIS","")&IF(AND(I73>=385.4,I73<=465.4),"Palmeirante","")&IF(AND(I73>=465.401,I73<=520.455),"Tupiratins","")&IF(AND(I73>=520.456,I73<=536.741),"Guaraí","")&IF(AND(I73>=536.742,I73<=580.293),"Tupirama","")&IF(AND(I73>=580.294,I73<=608.637),"Rio dos Bois","")&IF(AND(I73>=608.638,I73<=698.981),"Miracema","")&IF(AND(I73>=698.982,I73<=735.6),"Porto Nacional","")&IF(AND(I73>=195.1,I73<=213.603),"ESTREITO","")&IF(AND(I73>=213.604,I73<=218.976),"AGUIARNÓPOLIS","")&IF(AND(I73>=218.977,I73<=253.5),"PALMEIRAS DO TOCANTINS","")&IF(AND(I73>=253.501,I73<=274.15),"DARCINÓPOLIS","")&IF(AND(I73>=274.151,I73<=299.999),"BABAÇULÂNDIA","")&IF(AND(I73>=356.62,I73<=385.4),"ARAGUAÍNA","")&IF(AND(I73>=300.001,I73<=356.619),"BABAÇULÂNDIA","")&IF(AND(I73>=900,I73<=902),"ENG. VLI","") -> SAO LUIS | K73: 120 | L73: =IF(K73<>"",VLOOKUP(K73,'Catálogo SAP'!A:F,3,FALSE),"") -> S.VP-01437 | M73: =IF(K73<>"",VLOOKUP(K73,'Catálogo SAP'!A:F,4,FALSE),"") -> Hr Produtiva Retroescavadeira C/Operador | N73: =IF(K73<>"",VLOOKUP(K73,'Catálogo SAP'!A:F,5,FALSE),"") -> H | O73: 5 | P73: =IF(G73="","-",G73-F73) -> 5 | Q73: =IF(K73="","-",N73*O73) -> #VALUE! | R73: =IF(J73<>"",VLOOKUP(J73,'RESUMO DR'!$B$4:$E$253,4,FALSE),"-") -> T-02 | S73: =IF(J73<>"",VLOOKUP(J73,'RESUMO DR'!$B$4:$E$253,3,FALSE),"-") -> ARAGUAINA
A74: 1554 | B74: 45644 | C74: RE-017 | D74: =IF(B74="","-",TEXT(B74,"ddd")) -> qua | E74: =IF(K74<>"",VLOOKUP(K74,'Catálogo SAP'!$A$1:$F$245,2,FALSE),"-") -> 130 | F74: 8671 | G74: 8671 | I74: 300 | J74: =IF(AND(I74>=0.001,I74<=16),"AÇAILÂNDIA","")&IF(AND(I74>=16.001,I74<=44),"S.F. BREJÃO","")&IF(AND(I74>=44.001,I74<=78),"JOÃO LISBOA","")&IF(AND(I74>=78.001,I74<=96.397),"IMPERATRIZ","")&IF(AND(I74>=96.398,I74<=122.82),"EDSON LOBÃO","")&IF(AND(I74>=122.821,I74<=152.303),"RIBAMAR FIQUENE","")&IF(AND(I74>=152.304,I74<=172.403),"CAMPESTRE","")&IF(AND(I74>=172.404,I74<=195),"PORTO FRANCO","")&IF(AND(I74>=300,I74<=300),"SAO LUIS","")&IF(AND(I74>=385.4,I74<=465.4),"Palmeirante","")&IF(AND(I74>=465.401,I74<=520.455),"Tupiratins","")&IF(AND(I74>=520.456,I74<=536.741),"Guaraí","")&IF(AND(I74>=536.742,I74<=580.293),"Tupirama","")&IF(AND(I74>=580.294,I74<=608.637),"Rio dos Bois","")&IF(AND(I74>=608.638,I74<=698.981),"Miracema","")&IF(AND(I74>=698.982,I74<=735.6),"Porto Nacional","")&IF(AND(I74>=195.1,I74<=213.603),"ESTREITO","")&IF(AND(I74>=213.604,I74<=218.976),"AGUIARNÓPOLIS","")&IF(AND(I74>=218.977,I74<=253.5),"PALMEIRAS DO TOCANTINS","")&IF(AND(I74>=253.501,I74<=274.15),"DARCINÓPOLIS","")&IF(AND(I74>=274.151,I74<=299.999),"BABAÇULÂNDIA","")&IF(AND(I74>=356.62,I74<=385.4),"ARAGUAÍNA","")&IF(AND(I74>=300.001,I74<=356.619),"BABAÇULÂNDIA","")&IF(AND(I74>=900,I74<=902),"ENG. VLI","") -> SAO LUIS | K74: 130 | L74: =IF(K74<>"",VLOOKUP(K74,'Catálogo SAP'!A:F,3,FALSE),"") -> S.VP-01438 | M74: =IF(K74<>"",VLOOKUP(K74,'Catálogo SAP'!A:F,4,FALSE),"") -> Hr Improdutiva Retroescavadeira C/Operador | N74: =IF(K74<>"",VLOOKUP(K74,'Catálogo SAP'!A:F,5,FALSE),"") -> H | O74: 4 | P74: =IF(G74="","-",G74-F74) -> 0 | Q74: =IF(K74="","-",N74*O74) -> #VALUE! | R74: =IF(J74<>"",VLOOKUP(J74,'RESUMO DR'!$B$4:$E$253,4,FALSE),"-") -> T-02 | S74: =IF(J74<>"",VLOOKUP(J74,'RESUMO DR'!$B$4:$E$253,3,FALSE),"-") -> ARAGUAINA
A75: 1459 | B75: 45644 | C75: RE-018 | D75: =IF(B75="","-",TEXT(B75,"ddd")) -> qua | E75: =IF(K75<>"",VLOOKUP(K75,'Catálogo SAP'!$A$1:$F$245,2,FALSE),"-") -> 120 | F75: 3769 | G75: 3778 | I75: 323 | J75: =IF(AND(I75>=0.001,I75<=16),"AÇAILÂNDIA","")&IF(AND(I75>=16.001,I75<=44),"S.F. BREJÃO","")&IF(AND(I75>=44.001,I75<=78),"JOÃO LISBOA","")&IF(AND(I75>=78.001,I75<=96.397),"IMPERATRIZ","")&IF(AND(I75>=96.398,I75<=122.82),"EDSON LOBÃO","")&IF(AND(I75>=122.821,I75<=152.303),"RIBAMAR FIQUENE","")&IF(AND(I75>=152.304,I75<=172.403),"CAMPESTRE","")&IF(AND(I75>=172.404,I75<=195),"PORTO FRANCO","")&IF(AND(I75>=300,I75<=300),"SAO LUIS","")&IF(AND(I75>=385.4,I75<=465.4),"Palmeirante","")&IF(AND(I75>=465.401,I75<=520.455),"Tupiratins","")&IF(AND(I75>=520.456,I75<=536.741),"Guaraí","")&IF(AND(I75>=536.742,I75<=580.293),"Tupirama","")&IF(AND(I75>=580.294,I75<=608.637),"Rio dos Bois","")&IF(AND(I75>=608.638,I75<=698.981),"Miracema","")&IF(AND(I75>=698.982,I75<=735.6),"Porto Nacional","")&IF(AND(I75>=195.1,I75<=213.603),"ESTREITO","")&IF(AND(I75>=213.604,I75<=218.976),"AGUIARNÓPOLIS","")&IF(AND(I75>=218.977,I75<=253.5),"PALMEIRAS DO TOCANTINS","")&IF(AND(I75>=253.501,I75<=274.15),"DARCINÓPOLIS","")&IF(AND(I75>=274.151,I75<=299.999),"BABAÇULÂNDIA","")&IF(AND(I75>=356.62,I75<=385.4),"ARAGUAÍNA","")&IF(AND(I75>=300.001,I75<=356.619),"BABAÇULÂNDIA","")&IF(AND(I75>=900,I75<=902),"ENG. VLI","") -> BABAÇULÂNDIA | K75: 120 | L75: =IF(K75<>"",VLOOKUP(K75,'Catálogo SAP'!A:F,3,FALSE),"") -> S.VP-01437 | M75: =IF(K75<>"",VLOOKUP(K75,'Catálogo SAP'!A:F,4,FALSE),"") -> Hr Produtiva Retroescavadeira C/Operador | N75: =IF(K75<>"",VLOOKUP(K75,'Catálogo SAP'!A:F,5,FALSE),"") -> H | O75: 9 | P75: =IF(G75="","-",G75-F75) -> 9 | Q75: =IF(K75="","-",N75*O75) -> #VALUE! | R75: =IF(J75<>"",VLOOKUP(J75,'RESUMO DR'!$B$4:$E$253,4,FALSE),"-") -> T-02 | S75: =IF(J75<>"",VLOOKUP(J75,'RESUMO DR'!$B$4:$E$253,3,FALSE),"-") -> ARAGUAINA
A76: 1463 | B76: 45644 | C76: RE-016 | D76: =IF(B76="","-",TEXT(B76,"ddd")) -> qua | E76: =IF(K76<>"",VLOOKUP(K76,'Catálogo SAP'!$A$1:$F$245,2,FALSE),"-") -> 120 | F76: 5801 | G76: 5810 | I76: 578 | J76: =IF(AND(I76>=0.001,I76<=16),"AÇAILÂNDIA","")&IF(AND(I76>=16.001,I76<=44),"S.F. BREJÃO","")&IF(AND(I76>=44.001,I76<=78),"JOÃO LISBOA","")&IF(AND(I76>=78.001,I76<=96.397),"IMPERATRIZ","")&IF(AND(I76>=96.398,I76<=122.82),"EDSON LOBÃO","")&IF(AND(I76>=122.821,I76<=152.303),"RIBAMAR FIQUENE","")&IF(AND(I76>=152.304,I76<=172.403),"CAMPESTRE","")&IF(AND(I76>=172.404,I76<=195),"PORTO FRANCO","")&IF(AND(I76>=300,I76<=300),"SAO LUIS","")&IF(AND(I76>=385.4,I76<=465.4),"Palmeirante","")&IF(AND(I76>=465.401,I76<=520.455),"Tupiratins","")&IF(AND(I76>=520.456,I76<=536.741),"Guaraí","")&IF(AND(I76>=536.742,I76<=580.293),"Tupirama","")&IF(AND(I76>=580.294,I76<=608.637),"Rio dos Bois","")&IF(AND(I76>=608.638,I76<=698.981),"Miracema","")&IF(AND(I76>=698.982,I76<=735.6),"Porto Nacional","")&IF(AND(I76>=195.1,I76<=213.603),"ESTREITO","")&IF(AND(I76>=213.604,I76<=218.976),"AGUIARNÓPOLIS","")&IF(AND(I76>=218.977,I76<=253.5),"PALMEIRAS DO TOCANTINS","")&IF(AND(I76>=253.501,I76<=274.15),"DARCINÓPOLIS","")&IF(AND(I76>=274.151,I76<=299.999),"BABAÇULÂNDIA","")&IF(AND(I76>=356.62,I76<=385.4),"ARAGUAÍNA","")&IF(AND(I76>=300.001,I76<=356.619),"BABAÇULÂNDIA","")&IF(AND(I76>=900,I76<=902),"ENG. VLI","") -> Tupirama | K76: 120 | L76: =IF(K76<>"",VLOOKUP(K76,'Catálogo SAP'!A:F,3,FALSE),"") -> S.VP-01437 | M76: =IF(K76<>"",VLOOKUP(K76,'Catálogo SAP'!A:F,4,FALSE),"") -> Hr Produtiva Retroescavadeira C/Operador | N76: =IF(K76<>"",VLOOKUP(K76,'Catálogo SAP'!A:F,5,FALSE),"") -> H | O76: 9 | P76: =IF(G76="","-",G76-F76) -> 9 | Q76: =IF(K76="","-",N76*O76) -> #VALUE! | R76: =IF(J76<>"",VLOOKUP(J76,'RESUMO DR'!$B$4:$E$253,4,FALSE),"-") -> T-03 | S76: =IF(J76<>"",VLOOKUP(J76,'RESUMO DR'!$B$4:$E$253,3,FALSE),"-") -> PALMAS | V76: =23600000/2 -> 11800000
B77: 45644 | C77: CM-003 | D77: =IF(B77="","-",TEXT(B77,"ddd")) -> qua | E77: =IF(K77<>"",VLOOKUP(K77,'Catálogo SAP'!$A$1:$F$245,2,FALSE),"-") -> - | J77: =IF(AND(I77>=0.001,I77<=16),"AÇAILÂNDIA","")&IF(AND(I77>=16.001,I77<=44),"S.F. BREJÃO","")&IF(AND(I77>=44.001,I77<=78),"JOÃO LISBOA","")&IF(AND(I77>=78.001,I77<=96.397),"IMPERATRIZ","")&IF(AND(I77>=96.398,I77<=122.82),"EDSON LOBÃO","")&IF(AND(I77>=122.821,I77<=152.303),"RIBAMAR FIQUENE","")&IF(AND(I77>=152.304,I77<=172.403),"CAMPESTRE","")&IF(AND(I77>=172.404,I77<=195),"PORTO FRANCO","")&IF(AND(I77>=300,I77<=300),"SAO LUIS","")&IF(AND(I77>=385.4,I77<=465.4),"Palmeirante","")&IF(AND(I77>=465.401,I77<=520.455),"Tupiratins","")&IF(AND(I77>=520.456,I77<=536.741),"Guaraí","")&IF(AND(I77>=536.742,I77<=580.293),"Tupirama","")&IF(AND(I77>=580.294,I77<=608.637),"Rio dos Bois","")&IF(AND(I77>=608.638,I77<=698.981),"Miracema","")&IF(AND(I77>=698.982,I77<=735.6),"Porto Nacional","")&IF(AND(I77>=195.1,I77<=213.603),"ESTREITO","")&IF(AND(I77>=213.604,I77<=218.976),"AGUIARNÓPOLIS","")&IF(AND(I77>=218.977,I77<=253.5),"PALMEIRAS DO TOCANTINS","")&IF(AND(I77>=253.501,I77<=274.15),"DARCINÓPOLIS","")&IF(AND(I77>=274.151,I77<=299.999),"BABAÇULÂNDIA","")&IF(AND(I77>=356.62,I77<=385.4),"ARAGUAÍNA","")&IF(AND(I77>=300.001,I77<=356.619),"BABAÇULÂNDIA","")&IF(AND(I77>=900,I77<=902),"ENG. VLI","") | L77: =IF(K77<>"",VLOOKUP(K77,'Catálogo SAP'!A:F,3,FALSE),"") | M77: =IF(K77<>"",VLOOKUP(K77,'Catálogo SAP'!A:F,4,FALSE),"") | N77: =IF(K77<>"",VLOOKUP(K77,'Catálogo SAP'!A:F,5,FALSE),"") | P77: =IF(G77="","-",G77-F77) -> - | Q77: =IF(K77="","-",N77*O77) -> - | R77: =IF(J77<>"",VLOOKUP(J77,'RESUMO DR'!$B$4:$E$253,4,FALSE),"-") -> - | S77: =IF(J77<>"",VLOOKUP(J77,'RESUMO DR'!$B$4:$E$253,3,FALSE),"-") -> - | V77: =V76/36 -> 327777.78
B78: 45644 | C78: CM-003 | D78: =IF(B78="","-",TEXT(B78,"ddd")) -> qua | E78: =IF(K78<>"",VLOOKUP(K78,'Catálogo SAP'!$A$1:$F$245,2,FALSE),"-") -> - | J78: =IF(AND(I78>=0.001,I78<=16),"AÇAILÂNDIA","")&IF(AND(I78>=16.001,I78<=44),"S.F. BREJÃO","")&IF(AND(I78>=44.001,I78<=78),"JOÃO LISBOA","")&IF(AND(I78>=78.001,I78<=96.397),"IMPERATRIZ","")&IF(AND(I78>=96.398,I78<=122.82),"EDSON LOBÃO","")&IF(AND(I78>=122.821,I78<=152.303),"RIBAMAR FIQUENE","")&IF(AND(I78>=152.304,I78<=172.403),"CAMPESTRE","")&IF(AND(I78>=172.404,I78<=195),"PORTO FRANCO","")&IF(AND(I78>=300,I78<=300),"SAO LUIS","")&IF(AND(I78>=385.4,I78<=465.4),"Palmeirante","")&IF(AND(I78>=465.401,I78<=520.455),"Tupiratins","")&IF(AND(I78>=520.456,I78<=536.741),"Guaraí","")&IF(AND(I78>=536.742,I78<=580.293),"Tupirama","")&IF(AND(I78>=580.294,I78<=608.637),"Rio dos Bois","")&IF(AND(I78>=608.638,I78<=698.981),"Miracema","")&IF(AND(I78>=698.982,I78<=735.6),"Porto Nacional","")&IF(AND(I78>=195.1,I78<=213.603),"ESTREITO","")&IF(AND(I78>=213.604,I78<=218.976),"AGUIARNÓPOLIS","")&IF(AND(I78>=218.977,I78<=253.5),"PALMEIRAS DO TOCANTINS","")&IF(AND(I78>=253.501,I78<=274.15),"DARCINÓPOLIS","")&IF(AND(I78>=274.151,I78<=299.999),"BABAÇULÂNDIA","")&IF(AND(I78>=356.62,I78<=385.4),"ARAGUAÍNA","")&IF(AND(I78>=300.001,I78<=356.619),"BABAÇULÂNDIA","")&IF(AND(I78>=900,I78<=902),"ENG. VLI","") | L78: =IF(K78<>"",VLOOKUP(K78,'Catálogo SAP'!A:F,3,FALSE),"") | M78: =IF(K78<>"",VLOOKUP(K78,'Catálogo SAP'!A:F,4,FALSE),"") | N78: =IF(K78<>"",VLOOKUP(K78,'Catálogo SAP'!A:F,5,FALSE),"") | P78: =IF(G78="","-",G78-F78) -> - | Q78: =IF(K78="","-",N78*O78) -> - | R78: =IF(J78<>"",VLOOKUP(J78,'RESUMO DR'!$B$4:$E$253,4,FALSE),"-") -> - | S78: =IF(J78<>"",VLOOKUP(J78,'RESUMO DR'!$B$4:$E$253,3,FALSE),"-") -> -
A79: 1463 | B79: 45644 | C79: CBL-054 | D79: =IF(B79="","-",TEXT(B79,"ddd")) -> qua | E79: =IF(K79<>"",VLOOKUP(K79,'Catálogo SAP'!$A$1:$F$245,2,FALSE),"-") -> 200 | F79: 63407 | G79: 63749 | I79: 122 | J79: =IF(AND(I79>=0.001,I79<=16),"AÇAILÂNDIA","")&IF(AND(I79>=16.001,I79<=44),"S.F. BREJÃO","")&IF(AND(I79>=44.001,I79<=78),"JOÃO LISBOA","")&IF(AND(I79>=78.001,I79<=96.397),"IMPERATRIZ","")&IF(AND(I79>=96.398,I79<=122.82),"EDSON LOBÃO","")&IF(AND(I79>=122.821,I79<=152.303),"RIBAMAR FIQUENE","")&IF(AND(I79>=152.304,I79<=172.403),"CAMPESTRE","")&IF(AND(I79>=172.404,I79<=195),"PORTO FRANCO","")&IF(AND(I79>=300,I79<=300),"SAO LUIS","")&IF(AND(I79>=385.4,I79<=465.4),"Palmeirante","")&IF(AND(I79>=465.401,I79<=520.455),"Tupiratins","")&IF(AND(I79>=520.456,I79<=536.741),"Guaraí","")&IF(AND(I79>=536.742,I79<=580.293),"Tupirama","")&IF(AND(I79>=580.294,I79<=608.637),"Rio dos Bois","")&IF(AND(I79>=608.638,I79<=698.981),"Miracema","")&IF(AND(I79>=698.982,I79<=735.6),"Porto Nacional","")&IF(AND(I79>=195.1,I79<=213.603),"ESTREITO","")&IF(AND(I79>=213.604,I79<=218.976),"AGUIARNÓPOLIS","")&IF(AND(I79>=218.977,I79<=253.5),"PALMEIRAS DO TOCANTINS","")&IF(AND(I79>=253.501,I79<=274.15),"DARCINÓPOLIS","")&IF(AND(I79>=274.151,I79<=299.999),"BABAÇULÂNDIA","")&IF(AND(I79>=356.62,I79<=385.4),"ARAGUAÍNA","")&IF(AND(I79>=300.001,I79<=356.619),"BABAÇULÂNDIA","")&IF(AND(I79>=900,I79<=902),"ENG. VLI","") -> EDSON LOBÃO | K79: 200 | L79: =IF(K79<>"",VLOOKUP(K79,'Catálogo SAP'!A:F,3,FALSE),"") -> S.VP-01445 | M79: =IF(K79<>"",VLOOKUP(K79,'Catálogo SAP'!A:F,4,FALSE),"") -> Km Rodado Caminhão Basculante - C/Motorista | N79: =IF(K79<>"",VLOOKUP(K79,'Catálogo SAP'!A:F,5,FALSE),"") -> KM | O79: 342 | P79: =IF(G79="","-",G79-F79) -> 342 | Q79: =IF(K79="","-",N79*O79) -> #VALUE! | R79: =IF(J79<>"",VLOOKUP(J79,'RESUMO DR'!$B$4:$E$253,4,FALSE),"-") -> T-01 | S79: =IF(J79<>"",VLOOKUP(J79,'RESUMO DR'!$B$4:$E$253,3,FALSE),"-") -> IMPERATRIZ
A80: 1464 | B80: 45644 | C80: CBL-055 | D80: =IF(B80="","-",TEXT(B80,"ddd")) -> qua | E80: =IF(K80<>"",VLOOKUP(K80,'Catálogo SAP'!$A$1:$F$245,2,FALSE),"-") -> 200 | F80: 63514 | G80: 63755 | I80: 122 | J80: =IF(AND(I80>=0.001,I80<=16),"AÇAILÂNDIA","")&IF(AND(I80>=16.001,I80<=44),"S.F. BREJÃO","")&IF(AND(I80>=44.001,I80<=78),"JOÃO LISBOA","")&IF(AND(I80>=78.001,I80<=96.397),"IMPERATRIZ","")&IF(AND(I80>=96.398,I80<=122.82),"EDSON LOBÃO","")&IF(AND(I80>=122.821,I80<=152.303),"RIBAMAR FIQUENE","")&IF(AND(I80>=152.304,I80<=172.403),"CAMPESTRE","")&IF(AND(I80>=172.404,I80<=195),"PORTO FRANCO","")&IF(AND(I80>=300,I80<=300),"SAO LUIS","")&IF(AND(I80>=385.4,I80<=465.4),"Palmeirante","")&IF(AND(I80>=465.401,I80<=520.455),"Tupiratins","")&IF(AND(I80>=520.456,I80<=536.741),"Guaraí","")&IF(AND(I80>=536.742,I80<=580.293),"Tupirama","")&IF(AND(I80>=580.294,I80<=608.637),"Rio dos Bois","")&IF(AND(I80>=608.638,I80<=698.981),"Miracema","")&IF(AND(I80>=698.982,I80<=735.6),"Porto Nacional","")&IF(AND(I80>=195.1,I80<=213.603),"ESTREITO","")&IF(AND(I80>=213.604,I80<=218.976),"AGUIARNÓPOLIS","")&IF(AND(I80>=218.977,I80<=253.5),"PALMEIRAS DO TOCANTINS","")&IF(AND(I80>=253.501,I80<=274.15),"DARCINÓPOLIS","")&IF(AND(I80>=274.151,I80<=299.999),"BABAÇULÂNDIA","")&IF(AND(I80>=356.62,I80<=385.4),"ARAGUAÍNA","")&IF(AND(I80>=300.001,I80<=356.619),"BABAÇULÂNDIA","")&IF(AND(I80>=900,I80<=902),"ENG. VLI","") -> EDSON LOBÃO | K80: 200 | L80: =IF(K80<>"",VLOOKUP(K80,'Catálogo SAP'!A:F,3,FALSE),"") -> S.VP-01445 | M80: =IF(K80<>"",VLOOKUP(K80,'Catálogo SAP'!A:F,4,FALSE),"") -> Km Rodado Caminhão Basculante - C/Motorista | N80: =IF(K80<>"",VLOOKUP(K80,'Catálogo SAP'!A:F,5,FALSE),"") -> KM | O80: 241 | P80: =IF(G80="","-",G80-F80) -> 241 | Q80: =IF(K80="","-",N80*O80) -> #VALUE! | R80: =IF(J80<>"",VLOOKUP(J80,'RESUMO DR'!$B$4:$E$253,4,FALSE),"-") -> T-01 | S80: =IF(J80<>"",VLOOKUP(J80,'RESUMO DR'!$B$4:$E$253,3,FALSE),"-") -> IMPERATRIZ
A81: 1457 | B81: 45644 | C81: CBL-003 | D81: =IF(B81="","-",TEXT(B81,"ddd")) -> qua | E81: =IF(K81<>"",VLOOKUP(K81,'Catálogo SAP'!$A$1:$F$245,2,FALSE),"-") -> 200 | F81: 47770 | G81: 47794 | I81: 442 | J81: =IF(AND(I81>=0.001,I81<=16),"AÇAILÂNDIA","")&IF(AND(I81>=16.001,I81<=44),"S.F. BREJÃO","")&IF(AND(I81>=44.001,I81<=78),"JOÃO LISBOA","")&IF(AND(I81>=78.001,I81<=96.397),"IMPERATRIZ","")&IF(AND(I81>=96.398,I81<=122.82),"EDSON LOBÃO","")&IF(AND(I81>=122.821,I81<=152.303),"RIBAMAR FIQUENE","")&IF(AND(I81>=152.304,I81<=172.403),"CAMPESTRE","")&IF(AND(I81>=172.404,I81<=195),"PORTO FRANCO","")&IF(AND(I81>=300,I81<=300),"SAO LUIS","")&IF(AND(I81>=385.4,I81<=465.4),"Palmeirante","")&IF(AND(I81>=465.401,I81<=520.455),"Tupiratins","")&IF(AND(I81>=520.456,I81<=536.741),"Guaraí","")&IF(AND(I81>=536.742,I81<=580.293),"Tupirama","")&IF(AND(I81>=580.294,I81<=608.637),"Rio dos Bois","")&IF(AND(I81>=608.638,I81<=698.981),"Miracema","")&IF(AND(I81>=698.982,I81<=735.6),"Porto Nacional","")&IF(AND(I81>=195.1,I81<=213.603),"ESTREITO","")&IF(AND(I81>=213.604,I81<=218.976),"AGUIARNÓPOLIS","")&IF(AND(I81>=218.977,I81<=253.5),"PALMEIRAS DO TOCANTINS","")&IF(AND(I81>=253.501,I81<=274.15),"DARCINÓPOLIS","")&IF(AND(I81>=274.151,I81<=299.999),"BABAÇULÂNDIA","")&IF(AND(I81>=356.62,I81<=385.4),"ARAGUAÍNA","")&IF(AND(I81>=300.001,I81<=356.619),"BABAÇULÂNDIA","")&IF(AND(I81>=900,I81<=902),"ENG. VLI","") -> Palmeirante | K81: 200 | L81: =IF(K81<>"",VLOOKUP(K81,'Catálogo SAP'!A:F,3,FALSE),"") -> S.VP-01445 | M81: =IF(K81<>"",VLOOKUP(K81,'Catálogo SAP'!A:F,4,FALSE),"") -> Km Rodado Caminhão Basculante - C/Motorista | N81: =IF(K81<>"",VLOOKUP(K81,'Catálogo SAP'!A:F,5,FALSE),"") -> KM | O81: 24 | P81: =IF(G81="","-",G81-F81) -> 24 | Q81: =IF(K81="","-",N81*O81) -> #VALUE! | R81: =IF(J81<>"",VLOOKUP(J81,'RESUMO DR'!$B$4:$E$253,4,FALSE),"-") -> T-02 | S81: =IF(J81<>"",VLOOKUP(J81,'RESUMO DR'!$B$4:$E$253,3,FALSE),"-") -> ARAGUAINA
A82: 1465 | B82: 45644 | C82: CBL-051 | D82: =IF(B82="","-",TEXT(B82,"ddd")) -> qua | E82: =IF(K82<>"",VLOOKUP(K82,'Catálogo SAP'!$A$1:$F$245,2,FALSE),"-") -> 200 | F82: 60204 | G82: 60464 | I82: 182 | J82: =IF(AND(I82>=0.001,I82<=16),"AÇAILÂNDIA","")&IF(AND(I82>=16.001,I82<=44),"S.F. BREJÃO","")&IF(AND(I82>=44.001,I82<=78),"JOÃO LISBOA","")&IF(AND(I82>=78.001,I82<=96.397),"IMPERATRIZ","")&IF(AND(I82>=96.398,I82<=122.82),"EDSON LOBÃO","")&IF(AND(I82>=122.821,I82<=152.303),"RIBAMAR FIQUENE","")&IF(AND(I82>=152.304,I82<=172.403),"CAMPESTRE","")&IF(AND(I82>=172.404,I82<=195),"PORTO FRANCO","")&IF(AND(I82>=300,I82<=300),"SAO LUIS","")&IF(AND(I82>=385.4,I82<=465.4),"Palmeirante","")&IF(AND(I82>=465.401,I82<=520.455),"Tupiratins","")&IF(AND(I82>=520.456,I82<=536.741),"Guaraí","")&IF(AND(I82>=536.742,I82<=580.293),"Tupirama","")&IF(AND(I82>=580.294,I82<=608.637),"Rio dos Bois","")&IF(AND(I82>=608.638,I82<=698.981),"Miracema","")&IF(AND(I82>=698.982,I82<=735.6),"Porto Nacional","")&IF(AND(I82>=195.1,I82<=213.603),"ESTREITO","")&IF(AND(I82>=213.604,I82<=218.976),"AGUIARNÓPOLIS","")&IF(AND(I82>=218.977,I82<=253.5),"PALMEIRAS DO TOCANTINS","")&IF(AND(I82>=253.501,I82<=274.15),"DARCINÓPOLIS","")&IF(AND(I82>=274.151,I82<=299.999),"BABAÇULÂNDIA","")&IF(AND(I82>=356.62,I82<=385.4),"ARAGUAÍNA","")&IF(AND(I82>=300.001,I82<=356.619),"BABAÇULÂNDIA","")&IF(AND(I82>=900,I82<=902),"ENG. VLI","") -> PORTO FRANCO | K82: 200 | L82: =IF(K82<>"",VLOOKUP(K82,'Catálogo SAP'!A:F,3,FALSE),"") -> S.VP-01445 | M82: =IF(K82<>"",VLOOKUP(K82,'Catálogo SAP'!A:F,4,FALSE),"") -> Km Rodado Caminhão Basculante - C/Motorista | N82: =IF(K82<>"",VLOOKUP(K82,'Catálogo SAP'!A:F,5,FALSE),"") -> KM | O82: 260 | P82: =IF(G82="","-",G82-F82) -> 260 | Q82: =IF(K82="","-",N82*O82) -> #VALUE! | R82: =IF(J82<>"",VLOOKUP(J82,'RESUMO DR'!$B$4:$E$253,4,FALSE),"-") -> T-01 | S82: =IF(J82<>"",VLOOKUP(J82,'RESUMO DR'!$B$4:$E$253,3,FALSE),"-") -> IMPERATRIZ
A83: 1458 | B83: 45644 | C83: CBL-053 | D83: =IF(B83="","-",TEXT(B83,"ddd")) -> qua | E83: =IF(K83<>"",VLOOKUP(K83,'Catálogo SAP'!$A$1:$F$245,2,FALSE),"-") -> 200 | F83: 69134 | G83: 69678 | I83: 442 | J83: =IF(AND(I83>=0.001,I83<=16),"AÇAILÂNDIA","")&IF(AND(I83>=16.001,I83<=44),"S.F. BREJÃO","")&IF(AND(I83>=44.001,I83<=78),"JOÃO LISBOA","")&IF(AND(I83>=78.001,I83<=96.397),"IMPERATRIZ","")&IF(AND(I83>=96.398,I83<=122.82),"EDSON LOBÃO","")&IF(AND(I83>=122.821,I83<=152.303),"RIBAMAR FIQUENE","")&IF(AND(I83>=152.304,I83<=172.403),"CAMPESTRE","")&IF(AND(I83>=172.404,I83<=195),"PORTO FRANCO","")&IF(AND(I83>=300,I83<=300),"SAO LUIS","")&IF(AND(I83>=385.4,I83<=465.4),"Palmeirante","")&IF(AND(I83>=465.401,I83<=520.455),"Tupiratins","")&IF(AND(I83>=520.456,I83<=536.741),"Guaraí","")&IF(AND(I83>=536.742,I83<=580.293),"Tupirama","")&IF(AND(I83>=580.294,I83<=608.637),"Rio dos Bois","")&IF(AND(I83>=608.638,I83<=698.981),"Miracema","")&IF(AND(I83>=698.982,I83<=735.6),"Porto Nacional","")&IF(AND(I83>=195.1,I83<=213.603),"ESTREITO","")&IF(AND(I83>=213.604,I83<=218.976),"AGUIARNÓPOLIS","")&IF(AND(I83>=218.977,I83<=253.5),"PALMEIRAS DO TOCANTINS","")&IF(AND(I83>=253.501,I83<=274.15),"DARCINÓPOLIS","")&IF(AND(I83>=274.151,I83<=299.999),"BABAÇULÂNDIA","")&IF(AND(I83>=356.62,I83<=385.4),"ARAGUAÍNA","")&IF(AND(I83>=300.001,I83<=356.619),"BABAÇULÂNDIA","")&IF(AND(I83>=900,I83<=902),"ENG. VLI","") -> Palmeirante | K83: 200 | L83: =IF(K83<>"",VLOOKUP(K83,'Catálogo SAP'!A:F,3,FALSE),"") -> S.VP-01445 | M83: =IF(K83<>"",VLOOKUP(K83,'Catálogo SAP'!A:F,4,FALSE),"") -> Km Rodado Caminhão Basculante - C/Motorista | N83: =IF(K83<>"",VLOOKUP(K83,'Catálogo SAP'!A:F,5,FALSE),"") -> KM | O83: 544 | P83: =IF(G83="","-",G83-F83) -> 544 | Q83: =IF(K83="","-",N83*O83) -> #VALUE! | R83: =IF(J83<>"",VLOOKUP(J83,'RESUMO DR'!$B$4:$E$253,4,FALSE),"-") -> T-02 | S83: =IF(J83<>"",VLOOKUP(J83,'RESUMO DR'!$B$4:$E$253,3,FALSE),"-") -> ARAGUAINA | V83: =327000*36 -> 11772000 | W83: locação
A84: 1463 | B84: 45644 | C84: CBL-005 | D84: =IF(B84="","-",TEXT(B84,"ddd")) -> qua | E84: =IF(K84<>"",VLOOKUP(K84,'Catálogo SAP'!$A$1:$F$245,2,FALSE),"-") -> 200 | F84: 80181 | G84: 80254 | I84: 578 | J84: =IF(AND(I84>=0.001,I84<=16),"AÇAILÂNDIA","")&IF(AND(I84>=16.001,I84<=44),"S.F. BREJÃO","")&IF(AND(I84>=44.001,I84<=78),"JOÃO LISBOA","")&IF(AND(I84>=78.001,I84<=96.397),"IMPERATRIZ","")&IF(AND(I84>=96.398,I84<=122.82),"EDSON LOBÃO","")&IF(AND(I84>=122.821,I84<=152.303),"RIBAMAR FIQUENE","")&IF(AND(I84>=152.304,I84<=172.403),"CAMPESTRE","")&IF(AND(I84>=172.404,I84<=195),"PORTO FRANCO","")&IF(AND(I84>=300,I84<=300),"SAO LUIS","")&IF(AND(I84>=385.4,I84<=465.4),"Palmeirante","")&IF(AND(I84>=465.401,I84<=520.455),"Tupiratins","")&IF(AND(I84>=520.456,I84<=536.741),"Guaraí","")&IF(AND(I84>=536.742,I84<=580.293),"Tupirama","")&IF(AND(I84>=580.294,I84<=608.637),"Rio dos Bois","")&IF(AND(I84>=608.638,I84<=698.981),"Miracema","")&IF(AND(I84>=698.982,I84<=735.6),"Porto Nacional","")&IF(AND(I84>=195.1,I84<=213.603),"ESTREITO","")&IF(AND(I84>=213.604,I84<=218.976),"AGUIARNÓPOLIS","")&IF(AND(I84>=218.977,I84<=253.5),"PALMEIRAS DO TOCANTINS","")&IF(AND(I84>=253.501,I84<=274.15),"DARCINÓPOLIS","")&IF(AND(I84>=274.151,I84<=299.999),"BABAÇULÂNDIA","")&IF(AND(I84>=356.62,I84<=385.4),"ARAGUAÍNA","")&IF(AND(I84>=300.001,I84<=356.619),"BABAÇULÂNDIA","")&IF(AND(I84>=900,I84<=902),"ENG. VLI","") -> Tupirama | K84: 200 | L84: =IF(K84<>"",VLOOKUP(K84,'Catálogo SAP'!A:F,3,FALSE),"") -> S.VP-01445 | M84: =IF(K84<>"",VLOOKUP(K84,'Catálogo SAP'!A:F,4,FALSE),"") -> Km Rodado Caminhão Basculante - C/Motorista | N84: =IF(K84<>"",VLOOKUP(K84,'Catálogo SAP'!A:F,5,FALSE),"") -> KM | O84: 73 | P84: =IF(G84="","-",G84-F84) -> 73 | Q84: =IF(K84="","-",N84*O84) -> #VALUE! | R84: =IF(J84<>"",VLOOKUP(J84,'RESUMO DR'!$B$4:$E$253,4,FALSE),"-") -> T-03 | S84: =IF(J84<>"",VLOOKUP(J84,'RESUMO DR'!$B$4:$E$253,3,FALSE),"-") -> PALMAS
A85: 1467 | B85: 45644 | C85: PC-006 | D85: =IF(B85="","-",TEXT(B85,"ddd")) -> qua | E85: =IF(K85<>"",VLOOKUP(K85,'Catálogo SAP'!$A$1:$F$245,2,FALSE),"-") -> 160 | F85: 504 | G85: 513 | I85: 123 | J85: =IF(AND(I85>=0.001,I85<=16),"AÇAILÂNDIA","")&IF(AND(I85>=16.001,I85<=44),"S.F. BREJÃO","")&IF(AND(I85>=44.001,I85<=78),"JOÃO LISBOA","")&IF(AND(I85>=78.001,I85<=96.397),"IMPERATRIZ","")&IF(AND(I85>=96.398,I85<=122.82),"EDSON LOBÃO","")&IF(AND(I85>=122.821,I85<=152.303),"RIBAMAR FIQUENE","")&IF(AND(I85>=152.304,I85<=172.403),"CAMPESTRE","")&IF(AND(I85>=172.404,I85<=195),"PORTO FRANCO","")&IF(AND(I85>=300,I85<=300),"SAO LUIS","")&IF(AND(I85>=385.4,I85<=465.4),"Palmeirante","")&IF(AND(I85>=465.401,I85<=520.455),"Tupiratins","")&IF(AND(I85>=520.456,I85<=536.741),"Guaraí","")&IF(AND(I85>=536.742,I85<=580.293),"Tupirama","")&IF(AND(I85>=580.294,I85<=608.637),"Rio dos Bois","")&IF(AND(I85>=608.638,I85<=698.981),"Miracema","")&IF(AND(I85>=698.982,I85<=735.6),"Porto Nacional","")&IF(AND(I85>=195.1,I85<=213.603),"ESTREITO","")&IF(AND(I85>=213.604,I85<=218.976),"AGUIARNÓPOLIS","")&IF(AND(I85>=218.977,I85<=253.5),"PALMEIRAS DO TOCANTINS","")&IF(AND(I85>=253.501,I85<=274.15),"DARCINÓPOLIS","")&IF(AND(I85>=274.151,I85<=299.999),"BABAÇULÂNDIA","")&IF(AND(I85>=356.62,I85<=385.4),"ARAGUAÍNA","")&IF(AND(I85>=300.001,I85<=356.619),"BABAÇULÂNDIA","")&IF(AND(I85>=900,I85<=902),"ENG. VLI","") -> RIBAMAR FIQUENE | K85: 160 | L85: =IF(K85<>"",VLOOKUP(K85,'Catálogo SAP'!A:F,3,FALSE),"") -> S.VP-01441 | M85: =IF(K85<>"",VLOOKUP(K85,'Catálogo SAP'!A:F,4,FALSE),"") -> Hora Produtiva Pa Carregadeira C/Operador | N85: =IF(K85<>"",VLOOKUP(K85,'Catálogo SAP'!A:F,5,FALSE),"") -> H | O85: 9 | P85: =IF(G85="","-",G85-F85) -> 9 | Q85: =IF(K85="","-",N85*O85) -> #VALUE! | R85: =IF(J85<>"",VLOOKUP(J85,'RESUMO DR'!$B$4:$E$253,4,FALSE),"-") -> T-01 | S85: =IF(J85<>"",VLOOKUP(J85,'RESUMO DR'!$B$4:$E$253,3,FALSE),"-") -> IMPERATRIZ
A86: 1465 | B86: 45644 | C86: EH-008 | D86: =IF(B86="","-",TEXT(B86,"ddd")) -> qua | E86: =IF(K86<>"",VLOOKUP(K86,'Catálogo SAP'!$A$1:$F$245,2,FALSE),"-") -> 520 | F86: 10523 | G86: 10531 | I86: 195 | J86: =IF(AND(I86>=0.001,I86<=16),"AÇAILÂNDIA","")&IF(AND(I86>=16.001,I86<=44),"S.F. BREJÃO","")&IF(AND(I86>=44.001,I86<=78),"JOÃO LISBOA","")&IF(AND(I86>=78.001,I86<=96.397),"IMPERATRIZ","")&IF(AND(I86>=96.398,I86<=122.82),"EDSON LOBÃO","")&IF(AND(I86>=122.821,I86<=152.303),"RIBAMAR FIQUENE","")&IF(AND(I86>=152.304,I86<=172.403),"CAMPESTRE","")&IF(AND(I86>=172.404,I86<=195),"PORTO FRANCO","")&IF(AND(I86>=300,I86<=300),"SAO LUIS","")&IF(AND(I86>=385.4,I86<=465.4),"Palmeirante","")&IF(AND(I86>=465.401,I86<=520.455),"Tupiratins","")&IF(AND(I86>=520.456,I86<=536.741),"Guaraí","")&IF(AND(I86>=536.742,I86<=580.293),"Tupirama","")&IF(AND(I86>=580.294,I86<=608.637),"Rio dos Bois","")&IF(AND(I86>=608.638,I86<=698.981),"Miracema","")&IF(AND(I86>=698.982,I86<=735.6),"Porto Nacional","")&IF(AND(I86>=195.1,I86<=213.603),"ESTREITO","")&IF(AND(I86>=213.604,I86<=218.976),"AGUIARNÓPOLIS","")&IF(AND(I86>=218.977,I86<=253.5),"PALMEIRAS DO TOCANTINS","")&IF(AND(I86>=253.501,I86<=274.15),"DARCINÓPOLIS","")&IF(AND(I86>=274.151,I86<=299.999),"BABAÇULÂNDIA","")&IF(AND(I86>=356.62,I86<=385.4),"ARAGUAÍNA","")&IF(AND(I86>=300.001,I86<=356.619),"BABAÇULÂNDIA","")&IF(AND(I86>=900,I86<=902),"ENG. VLI","") -> PORTO FRANCO | K86: 520 | L86: =IF(K86<>"",VLOOKUP(K86,'Catálogo SAP'!A:F,3,FALSE),"") -> S.VP-01469 | M86: =IF(K86<>"",VLOOKUP(K86,'Catálogo SAP'!A:F,4,FALSE),"") -> Hora Produtiva Escavadeira Hidraulica | N86: =IF(K86<>"",VLOOKUP(K86,'Catálogo SAP'!A:F,5,FALSE),"") -> H | O86: 8 | P86: =IF(G86="","-",G86-F86) -> 8 | Q86: =IF(K86="","-",N86*O86) -> #VALUE! | R86: =IF(J86<>"",VLOOKUP(J86,'RESUMO DR'!$B$4:$E$253,4,FALSE),"-") -> T-01 | S86: =IF(J86<>"",VLOOKUP(J86,'RESUMO DR'!$B$4:$E$253,3,FALSE),"-") -> IMPERATRIZ
A87: 1465 | B87: 45644 | C87: EH-008 | D87: =IF(B87="","-",TEXT(B87,"ddd")) -> qua | E87: =IF(K87<>"",VLOOKUP(K87,'Catálogo SAP'!$A$1:$F$245,2,FALSE),"-") -> 530 | F87: 10531 | G87: 10531 | I87: 195 | J87: =IF(AND(I87>=0.001,I87<=16),"AÇAILÂNDIA","")&IF(AND(I87>=16.001,I87<=44),"S.F. BREJÃO","")&IF(AND(I87>=44.001,I87<=78),"JOÃO LISBOA","")&IF(AND(I87>=78.001,I87<=96.397),"IMPERATRIZ","")&IF(AND(I87>=96.398,I87<=122.82),"EDSON LOBÃO","")&IF(AND(I87>=122.821,I87<=152.303),"RIBAMAR FIQUENE","")&IF(AND(I87>=152.304,I87<=172.403),"CAMPESTRE","")&IF(AND(I87>=172.404,I87<=195),"PORTO FRANCO","")&IF(AND(I87>=300,I87<=300),"SAO LUIS","")&IF(AND(I87>=385.4,I87<=465.4),"Palmeirante","")&IF(AND(I87>=465.401,I87<=520.455),"Tupiratins","")&IF(AND(I87>=520.456,I87<=536.741),"Guaraí","")&IF(AND(I87>=536.742,I87<=580.293),"Tupirama","")&IF(AND(I87>=580.294,I87<=608.637),"Rio dos Bois","")&IF(AND(I87>=608.638,I87<=698.981),"Miracema","")&IF(AND(I87>=698.982,I87<=735.6),"Porto Nacional","")&IF(AND(I87>=195.1,I87<=213.603),"ESTREITO","")&IF(AND(I87>=213.604,I87<=218.976),"AGUIARNÓPOLIS","")&IF(AND(I87>=218.977,I87<=253.5),"PALMEIRAS DO TOCANTINS","")&IF(AND(I87>=253.501,I87<=274.15),"DARCINÓPOLIS","")&IF(AND(I87>=274.151,I87<=299.999),"BABAÇULÂNDIA","")&IF(AND(I87>=356.62,I87<=385.4),"ARAGUAÍNA","")&IF(AND(I87>=300.001,I87<=356.619),"BABAÇULÂNDIA","")&IF(AND(I87>=900,I87<=902),"ENG. VLI","") -> PORTO FRANCO | K87: 530 | L87: =IF(K87<>"",VLOOKUP(K87,'Catálogo SAP'!A:F,3,FALSE),"") -> S.VP-01470 | M87: =IF(K87<>"",VLOOKUP(K87,'Catálogo SAP'!A:F,4,FALSE),"") -> Hora Improdutiva Escavadeira Hidraulica | N87: =IF(K87<>"",VLOOKUP(K87,'Catálogo SAP'!A:F,5,FALSE),"") -> H | O87: 1 | P87: =IF(G87="","-",G87-F87) -> 0 | Q87: =IF(K87="","-",N87*O87) -> #VALUE! | R87: =IF(J87<>"",VLOOKUP(J87,'RESUMO DR'!$B$4:$E$253,4,FALSE),"-") -> T-01 | S87: =IF(J87<>"",VLOOKUP(J87,'RESUMO DR'!$B$4:$E$253,3,FALSE),"-") -> IMPERATRIZ | V87: =20%*23600000 -> 4720000
A88: 1457 | B88: 45644 | C88: REL-03 | D88: =IF(B88="","-",TEXT(B88,"ddd")) -> qua | E88: =IF(K88<>"",VLOOKUP(K88,'Catálogo SAP'!$A$1:$F$245,2,FALSE),"-") -> 120 | F88: 1109 | G88: 1115 | I88: 442 | J88: =IF(AND(I88>=0.001,I88<=16),"AÇAILÂNDIA","")&IF(AND(I88>=16.001,I88<=44),"S.F. BREJÃO","")&IF(AND(I88>=44.001,I88<=78),"JOÃO LISBOA","")&IF(AND(I88>=78.001,I88<=96.397),"IMPERATRIZ","")&IF(AND(I88>=96.398,I88<=122.82),"EDSON LOBÃO","")&IF(AND(I88>=122.821,I88<=152.303),"RIBAMAR FIQUENE","")&IF(AND(I88>=152.304,I88<=172.403),"CAMPESTRE","")&IF(AND(I88>=172.404,I88<=195),"PORTO FRANCO","")&IF(AND(I88>=300,I88<=300),"SAO LUIS","")&IF(AND(I88>=385.4,I88<=465.4),"Palmeirante","")&IF(AND(I88>=465.401,I88<=520.455),"Tupiratins","")&IF(AND(I88>=520.456,I88<=536.741),"Guaraí","")&IF(AND(I88>=536.742,I88<=580.293),"Tupirama","")&IF(AND(I88>=580.294,I88<=608.637),"Rio dos Bois","")&IF(AND(I88>=608.638,I88<=698.981),"Miracema","")&IF(AND(I88>=698.982,I88<=735.6),"Porto Nacional","")&IF(AND(I88>=195.1,I88<=213.603),"ESTREITO","")&IF(AND(I88>=213.604,I88<=218.976),"AGUIARNÓPOLIS","")&IF(AND(I88>=218.977,I88<=253.5),"PALMEIRAS DO TOCANTINS","")&IF(AND(I88>=253.501,I88<=274.15),"DARCINÓPOLIS","")&IF(AND(I88>=274.151,I88<=299.999),"BABAÇULÂNDIA","")&IF(AND(I88>=356.62,I88<=385.4),"ARAGUAÍNA","")&IF(AND(I88>=300.001,I88<=356.619),"BABAÇULÂNDIA","")&IF(AND(I88>=900,I88<=902),"ENG. VLI","") -> Palmeirante | K88: 120 | L88: =IF(K88<>"",VLOOKUP(K88,'Catálogo SAP'!A:F,3,FALSE),"") -> S.VP-01437 | M88: =IF(K88<>"",VLOOKUP(K88,'Catálogo SAP'!A:F,4,FALSE),"") -> Hr Produtiva Retroescavadeira C/Operador | N88: =IF(K88<>"",VLOOKUP(K88,'Catálogo SAP'!A:F,5,FALSE),"") -> H | O88: 6 | P88: =IF(G88="","-",G88-F88) -> 6 | Q88: =IF(K88="","-",N88*O88) -> #VALUE! | R88: =IF(J88<>"",VLOOKUP(J88,'RESUMO DR'!$B$4:$E$253,4,FALSE),"-") -> T-02 | S88: =IF(J88<>"",VLOOKUP(J88,'RESUMO DR'!$B$4:$E$253,3,FALSE),"-") -> ARAGUAINA | V88: =(202000+194000+327000)*24 -> 17352000
A89: 1457 | B89: 45644 | C89: REL-03 | D89: =IF(B89="","-",TEXT(B89,"ddd")) -> qua | E89: =IF(K89<>"",VLOOKUP(K89,'Catálogo SAP'!$A$1:$F$245,2,FALSE),"-") -> 130 | F89: 1115 | G89: 1115 | I89: 442 | J89: =IF(AND(I89>=0.001,I89<=16),"AÇAILÂNDIA","")&IF(AND(I89>=16.001,I89<=44),"S.F. BREJÃO","")&IF(AND(I89>=44.001,I89<=78),"JOÃO LISBOA","")&IF(AND(I89>=78.001,I89<=96.397),"IMPERATRIZ","")&IF(AND(I89>=96.398,I89<=122.82),"EDSON LOBÃO","")&IF(AND(I89>=122.821,I89<=152.303),"RIBAMAR FIQUENE","")&IF(AND(I89>=152.304,I89<=172.403),"CAMPESTRE","")&IF(AND(I89>=172.404,I89<=195),"PORTO FRANCO","")&IF(AND(I89>=300,I89<=300),"SAO LUIS","")&IF(AND(I89>=385.4,I89<=465.4),"Palmeirante","")&IF(AND(I89>=465.401,I89<=520.455),"Tupiratins","")&IF(AND(I89>=520.456,I89<=536.741),"Guaraí","")&IF(AND(I89>=536.742,I89<=580.293),"Tupirama","")&IF(AND(I89>=580.294,I89<=608.637),"Rio dos Bois","")&IF(AND(I89>=608.638,I89<=698.981),"Miracema","")&IF(AND(I89>=698.982,I89<=735.6),"Porto Nacional","")&IF(AND(I89>=195.1,I89<=213.603),"ESTREITO","")&IF(AND(I89>=213.604,I89<=218.976),"AGUIARNÓPOLIS","")&IF(AND(I89>=218.977,I89<=253.5),"PALMEIRAS DO TOCANTINS","")&IF(AND(I89>=253.501,I89<=274.15),"DARCINÓPOLIS","")&IF(AND(I89>=274.151,I89<=299.999),"BABAÇULÂNDIA","")&IF(AND(I89>=356.62,I89<=385.4),"ARAGUAÍNA","")&IF(AND(I89>=300.001,I89<=356.619),"BABAÇULÂNDIA","")&IF(AND(I89>=900,I89<=902),"ENG. VLI","") -> Palmeirante | K89: 130 | L89: =IF(K89<>"",VLOOKUP(K89,'Catálogo SAP'!A:F,3,FALSE),"") -> S.VP-01438 | M89: =IF(K89<>"",VLOOKUP(K89,'Catálogo SAP'!A:F,4,FALSE),"") -> Hr Improdutiva Retroescavadeira C/Operador | N89: =IF(K89<>"",VLOOKUP(K89,'Catálogo SAP'!A:F,5,FALSE),"") -> H | O89: 3 | P89: =IF(G89="","-",G89-F89) -> 0 | Q89: =IF(K89="","-",N89*O89) -> #VALUE! | R89: =IF(J89<>"",VLOOKUP(J89,'RESUMO DR'!$B$4:$E$253,4,FALSE),"-") -> T-02 | S89: =IF(J89<>"",VLOOKUP(J89,'RESUMO DR'!$B$4:$E$253,3,FALSE),"-") -> ARAGUAINA | V89: =SUM(V87:V88) -> 22072000
A90: 1457 | B90: 45644 | C90: MN-006 | D90: =IF(B90="","-",TEXT(B90,"ddd")) -> qua | E90: =IF(K90<>"",VLOOKUP(K90,'Catálogo SAP'!$A$1:$F$245,2,FALSE),"-") -> 280 | F90: 169 | G90: 175 | I90: 442 | J90: =IF(AND(I90>=0.001,I90<=16),"AÇAILÂNDIA","")&IF(AND(I90>=16.001,I90<=44),"S.F. BREJÃO","")&IF(AND(I90>=44.001,I90<=78),"JOÃO LISBOA","")&IF(AND(I90>=78.001,I90<=96.397),"IMPERATRIZ","")&IF(AND(I90>=96.398,I90<=122.82),"EDSON LOBÃO","")&IF(AND(I90>=122.821,I90<=152.303),"RIBAMAR FIQUENE","")&IF(AND(I90>=152.304,I90<=172.403),"CAMPESTRE","")&IF(AND(I90>=172.404,I90<=195),"PORTO FRANCO","")&IF(AND(I90>=300,I90<=300),"SAO LUIS","")&IF(AND(I90>=385.4,I90<=465.4),"Palmeirante","")&IF(AND(I90>=465.401,I90<=520.455),"Tupiratins","")&IF(AND(I90>=520.456,I90<=536.741),"Guaraí","")&IF(AND(I90>=536.742,I90<=580.293),"Tupirama","")&IF(AND(I90>=580.294,I90<=608.637),"Rio dos Bois","")&IF(AND(I90>=608.638,I90<=698.981),"Miracema","")&IF(AND(I90>=698.982,I90<=735.6),"Porto Nacional","")&IF(AND(I90>=195.1,I90<=213.603),"ESTREITO","")&IF(AND(I90>=213.604,I90<=218.976),"AGUIARNÓPOLIS","")&IF(AND(I90>=218.977,I90<=253.5),"PALMEIRAS DO TOCANTINS","")&IF(AND(I90>=253.501,I90<=274.15),"DARCINÓPOLIS","")&IF(AND(I90>=274.151,I90<=299.999),"BABAÇULÂNDIA","")&IF(AND(I90>=356.62,I90<=385.4),"ARAGUAÍNA","")&IF(AND(I90>=300.001,I90<=356.619),"BABAÇULÂNDIA","")&IF(AND(I90>=900,I90<=902),"ENG. VLI","") -> Palmeirante | K90: 280 | L90: =IF(K90<>"",VLOOKUP(K90,'Catálogo SAP'!A:F,3,FALSE),"") -> S.VP-01453 | M90: =IF(K90<>"",VLOOKUP(K90,'Catálogo SAP'!A:F,4,FALSE),"") -> Hora Produtiva Motoniveladora C/Operador | N90: =IF(K90<>"",VLOOKUP(K90,'Catálogo SAP'!A:F,5,FALSE),"") -> H | O90: 6 | P90: =IF(G90="","-",G90-F90) -> 6 | Q90: =IF(K90="","-",N90*O90) -> #VALUE! | R90: =IF(J90<>"",VLOOKUP(J90,'RESUMO DR'!$B$4:$E$253,4,FALSE),"-") -> T-02 | S90: =IF(J90<>"",VLOOKUP(J90,'RESUMO DR'!$B$4:$E$253,3,FALSE),"-") -> ARAGUAINA | V90: 23600000
A91: 1457 | B91: 45644 | C91: MN-006 | D91: =IF(B91="","-",TEXT(B91,"ddd")) -> qua | E91: =IF(K91<>"",VLOOKUP(K91,'Catálogo SAP'!$A$1:$F$245,2,FALSE),"-") -> 290 | F91: 175 | G91: 175 | I91: 442 | J91: =IF(AND(I91>=0.001,I91<=16),"AÇAILÂNDIA","")&IF(AND(I91>=16.001,I91<=44),"S.F. BREJÃO","")&IF(AND(I91>=44.001,I91<=78),"JOÃO LISBOA","")&IF(AND(I91>=78.001,I91<=96.397),"IMPERATRIZ","")&IF(AND(I91>=96.398,I91<=122.82),"EDSON LOBÃO","")&IF(AND(I91>=122.821,I91<=152.303),"RIBAMAR FIQUENE","")&IF(AND(I91>=152.304,I91<=172.403),"CAMPESTRE","")&IF(AND(I91>=172.404,I91<=195),"PORTO FRANCO","")&IF(AND(I91>=300,I91<=300),"SAO LUIS","")&IF(AND(I91>=385.4,I91<=465.4),"Palmeirante","")&IF(AND(I91>=465.401,I91<=520.455),"Tupiratins","")&IF(AND(I91>=520.456,I91<=536.741),"Guaraí","")&IF(AND(I91>=536.742,I91<=580.293),"Tupirama","")&IF(AND(I91>=580.294,I91<=608.637),"Rio dos Bois","")&IF(AND(I91>=608.638,I91<=698.981),"Miracema","")&IF(AND(I91>=698.982,I91<=735.6),"Porto Nacional","")&IF(AND(I91>=195.1,I91<=213.603),"ESTREITO","")&IF(AND(I91>=213.604,I91<=218.976),"AGUIARNÓPOLIS","")&IF(AND(I91>=218.977,I91<=253.5),"PALMEIRAS DO TOCANTINS","")&IF(AND(I91>=253.501,I91<=274.15),"DARCINÓPOLIS","")&IF(AND(I91>=274.151,I91<=299.999),"BABAÇULÂNDIA","")&IF(AND(I91>=356.62,I91<=385.4),"ARAGUAÍNA","")&IF(AND(I91>=300.001,I91<=356.619),"BABAÇULÂNDIA","")&IF(AND(I91>=900,I91<=902),"ENG. VLI","") -> Palmeirante | K91: 290 | L91: =IF(K91<>"",VLOOKUP(K91,'Catálogo SAP'!A:F,3,FALSE),"") -> S.VP-01454 | M91: =IF(K91<>"",VLOOKUP(K91,'Catálogo SAP'!A:F,4,FALSE),"") -> Hora Improdutiva Motoniveladora C/Operador | N91: =IF(K91<>"",VLOOKUP(K91,'Catálogo SAP'!A:F,5,FALSE),"") -> H | O91: 3 | P91: =IF(G91="","-",G91-F91) -> 0 | Q91: =IF(K91="","-",N91*O91) -> #VALUE! | R91: =IF(J91<>"",VLOOKUP(J91,'RESUMO DR'!$B$4:$E$253,4,FALSE),"-") -> T-02 | S91: =IF(J91<>"",VLOOKUP(J91,'RESUMO DR'!$B$4:$E$253,3,FALSE),"-") -> ARAGUAINA
A92: 1460 | B92: 45644 | C92: PC-007 | D92: =IF(B92="","-",TEXT(B92,"ddd")) -> qua | E92: =IF(K92<>"",VLOOKUP(K92,'Catálogo SAP'!$A$1:$F$245,2,FALSE),"-") -> 160 | F92: 124 | G92: 128 | I92: 563 | J92: =IF(AND(I92>=0.001,I92<=16),"AÇAILÂNDIA","")&IF(AND(I92>=16.001,I92<=44),"S.F. BREJÃO","")&IF(AND(I92>=44.001,I92<=78),"JOÃO LISBOA","")&IF(AND(I92>=78.001,I92<=96.397),"IMPERATRIZ","")&IF(AND(I92>=96.398,I92<=122.82),"EDSON LOBÃO","")&IF(AND(I92>=122.821,I92<=152.303),"RIBAMAR FIQUENE","")&IF(AND(I92>=152.304,I92<=172.403),"CAMPESTRE","")&IF(AND(I92>=172.404,I92<=195),"PORTO FRANCO","")&IF(AND(I92>=300,I92<=300),"SAO LUIS","")&IF(AND(I92>=385.4,I92<=465.4),"Palmeirante","")&IF(AND(I92>=465.401,I92<=520.455),"Tupiratins","")&IF(AND(I92>=520.456,I92<=536.741),"Guaraí","")&IF(AND(I92>=536.742,I92<=580.293),"Tupirama","")&IF(AND(I92>=580.294,I92<=608.637),"Rio dos Bois","")&IF(AND(I92>=608.638,I92<=698.981),"Miracema","")&IF(AND(I92>=698.982,I92<=735.6),"Porto Nacional","")&IF(AND(I92>=195.1,I92<=213.603),"ESTREITO","")&IF(AND(I92>=213.604,I92<=218.976),"AGUIARNÓPOLIS","")&IF(AND(I92>=218.977,I92<=253.5),"PALMEIRAS DO TOCANTINS","")&IF(AND(I92>=253.501,I92<=274.15),"DARCINÓPOLIS","")&IF(AND(I92>=274.151,I92<=299.999),"BABAÇULÂNDIA","")&IF(AND(I92>=356.62,I92<=385.4),"ARAGUAÍNA","")&IF(AND(I92>=300.001,I92<=356.619),"BABAÇULÂNDIA","")&IF(AND(I92>=900,I92<=902),"ENG. VLI","") -> Tupirama | K92: 160 | L92: =IF(K92<>"",VLOOKUP(K92,'Catálogo SAP'!A:F,3,FALSE),"") -> S.VP-01441 | M92: =IF(K92<>"",VLOOKUP(K92,'Catálogo SAP'!A:F,4,FALSE),"") -> Hora Produtiva Pa Carregadeira C/Operador | N92: =IF(K92<>"",VLOOKUP(K92,'Catálogo SAP'!A:F,5,FALSE),"") -> H | O92: 4 | P92: =IF(G92="","-",G92-F92) -> 4 | Q92: =IF(K92="","-",N92*O92) -> #VALUE! | R92: =IF(J92<>"",VLOOKUP(J92,'RESUMO DR'!$B$4:$E$253,4,FALSE),"-") -> T-03 | S92: =IF(J92<>"",VLOOKUP(J92,'RESUMO DR'!$B$4:$E$253,3,FALSE),"-") -> PALMAS
A93: 1460 | B93: 45644 | C93: PC-007 | D93: =IF(B93="","-",TEXT(B93,"ddd")) -> qua | E93: =IF(K93<>"",VLOOKUP(K93,'Catálogo SAP'!$A$1:$F$245,2,FALSE),"-") -> 170 | F93: 128 | G93: 128 | I93: 563 | J93: =IF(AND(I93>=0.001,I93<=16),"AÇAILÂNDIA","")&IF(AND(I93>=16.001,I93<=44),"S.F. BREJÃO","")&IF(AND(I93>=44.001,I93<=78),"JOÃO LISBOA","")&IF(AND(I93>=78.001,I93<=96.397),"IMPERATRIZ","")&IF(AND(I93>=96.398,I93<=122.82),"EDSON LOBÃO","")&IF(AND(I93>=122.821,I93<=152.303),"RIBAMAR FIQUENE","")&IF(AND(I93>=152.304,I93<=172.403),"CAMPESTRE","")&IF(AND(I93>=172.404,I93<=195),"PORTO FRANCO","")&IF(AND(I93>=300,I93<=300),"SAO LUIS","")&IF(AND(I93>=385.4,I93<=465.4),"Palmeirante","")&IF(AND(I93>=465.401,I93<=520.455),"Tupiratins","")&IF(AND(I93>=520.456,I93<=536.741),"Guaraí","")&IF(AND(I93>=536.742,I93<=580.293),"Tupirama","")&IF(AND(I93>=580.294,I93<=608.637),"Rio dos Bois","")&IF(AND(I93>=608.638,I93<=698.981),"Miracema","")&IF(AND(I93>=698.982,I93<=735.6),"Porto Nacional","")&IF(AND(I93>=195.1,I93<=213.603),"ESTREITO","")&IF(AND(I93>=213.604,I93<=218.976),"AGUIARNÓPOLIS","")&IF(AND(I93>=218.977,I93<=253.5),"PALMEIRAS DO TOCANTINS","")&IF(AND(I93>=253.501,I93<=274.15),"DARCINÓPOLIS","")&IF(AND(I93>=274.151,I93<=299.999),"BABAÇULÂNDIA","")&IF(AND(I93>=356.62,I93<=385.4),"ARAGUAÍNA","")&IF(AND(I93>=300.001,I93<=356.619),"BABAÇULÂNDIA","")&IF(AND(I93>=900,I93<=902),"ENG. VLI","") -> Tupirama | K93: 170 | L93: =IF(K93<>"",VLOOKUP(K93,'Catálogo SAP'!A:F,3,FALSE),"") -> S.VP-01442 | M93: =IF(K93<>"",VLOOKUP(K93,'Catálogo SAP'!A:F,4,FALSE),"") -> Hora Improdutiva Pa Carregadeira C/Operador | N93: =IF(K93<>"",VLOOKUP(K93,'Catálogo SAP'!A:F,5,FALSE),"") -> H | O93: 5 | P93: =IF(G93="","-",G93-F93) -> 0 | Q93: =IF(K93="","-",N93*O93) -> #VALUE! | R93: =IF(J93<>"",VLOOKUP(J93,'RESUMO DR'!$B$4:$E$253,4,FALSE),"-") -> T-03 | S93: =IF(J93<>"",VLOOKUP(J93,'RESUMO DR'!$B$4:$E$253,3,FALSE),"-") -> PALMAS
A94: 1468 | B94: 45644 | C94: MEL-01 | D94: =IF(B94="","-",TEXT(B94,"ddd")) -> qua | E94: =IF(K94<>"",VLOOKUP(K94,'Catálogo SAP'!$A$1:$F$245,2,FALSE),"-") -> 480 | F94: 3359 | G94: 3366 | I94: 91 | J94: =IF(AND(I94>=0.001,I94<=16),"AÇAILÂNDIA","")&IF(AND(I94>=16.001,I94<=44),"S.F. BREJÃO","")&IF(AND(I94>=44.001,I94<=78),"JOÃO LISBOA","")&IF(AND(I94>=78.001,I94<=96.397),"IMPERATRIZ","")&IF(AND(I94>=96.398,I94<=122.82),"EDSON LOBÃO","")&IF(AND(I94>=122.821,I94<=152.303),"RIBAMAR FIQUENE","")&IF(AND(I94>=152.304,I94<=172.403),"CAMPESTRE","")&IF(AND(I94>=172.404,I94<=195),"PORTO FRANCO","")&IF(AND(I94>=300,I94<=300),"SAO LUIS","")&IF(AND(I94>=385.4,I94<=465.4),"Palmeirante","")&IF(AND(I94>=465.401,I94<=520.455),"Tupiratins","")&IF(AND(I94>=520.456,I94<=536.741),"Guaraí","")&IF(AND(I94>=536.742,I94<=580.293),"Tupirama","")&IF(AND(I94>=580.294,I94<=608.637),"Rio dos Bois","")&IF(AND(I94>=608.638,I94<=698.981),"Miracema","")&IF(AND(I94>=698.982,I94<=735.6),"Porto Nacional","")&IF(AND(I94>=195.1,I94<=213.603),"ESTREITO","")&IF(AND(I94>=213.604,I94<=218.976),"AGUIARNÓPOLIS","")&IF(AND(I94>=218.977,I94<=253.5),"PALMEIRAS DO TOCANTINS","")&IF(AND(I94>=253.501,I94<=274.15),"DARCINÓPOLIS","")&IF(AND(I94>=274.151,I94<=299.999),"BABAÇULÂNDIA","")&IF(AND(I94>=356.62,I94<=385.4),"ARAGUAÍNA","")&IF(AND(I94>=300.001,I94<=356.619),"BABAÇULÂNDIA","")&IF(AND(I94>=900,I94<=902),"ENG. VLI","") -> IMPERATRIZ | K94: 480 | L94: =IF(K94<>"",VLOOKUP(K94,'Catálogo SAP'!A:F,3,FALSE),"") -> S.VP-01465 | M94: =IF(K94<>"",VLOOKUP(K94,'Catálogo SAP'!A:F,4,FALSE),"") -> Hora Produtiva Miniescavadeira Hidraulica C/ Operador | N94: =IF(K94<>"",VLOOKUP(K94,'Catálogo SAP'!A:F,5,FALSE),"") -> H | O94: 7 | P94: =IF(G94="","-",G94-F94) -> 7 | Q94: =IF(K94="","-",N94*O94) -> #VALUE! | R94: =IF(J94<>"",VLOOKUP(J94,'RESUMO DR'!$B$4:$E$253,4,FALSE),"-") -> T-01 | S94: =IF(J94<>"",VLOOKUP(J94,'RESUMO DR'!$B$4:$E$253,3,FALSE),"-") -> IMPERATRIZ
